"site","largeur_riviere","profondeur_riviere","vitesse_courant","transparence_eau"
"100_92_R01",3.86,0.26,2.644,"élevée"
"100_92_R01",3.86,0.26,2.644,"élevée"
"100_92_R01",3.86,0.26,2.644,"élevée"
"100_92_R01",3.86,0.26,2.644,"élevée"
"100_92_R01",3.86,0.26,2.644,"élevée"
"100_92_R01",3.86,0.26,2.644,"élevée"
"100_92_R01",3.86,0.26,2.644,"élevée"
"100_92_R01",3.86,0.26,2.644,"élevée"
"100_92_R01",3.86,0.26,2.644,"élevée"
"100_92_R01",3.86,0.26,2.644,"élevée"
"100_92_R01",3.86,0.26,2.644,"élevée"
"100_92_R01",3.86,0.26,2.644,"élevée"
"100_92_R01",3.86,0.26,2.644,"élevée"
"100_92_R01",3.86,0.26,2.644,"élevée"
"100_92_R01",3.86,0.26,2.644,"élevée"
"100_92_R01",3.86,0.26,2.644,"élevée"
"100_92_R01",3.86,0.26,2.644,"élevée"
"100_92_R01",3.86,0.26,2.644,"élevée"
"100_92_R01",3.86,0.26,2.644,"élevée"
"100_92_R01",3.86,0.26,2.644,"élevée"
"100_92_R01",3.86,0.26,2.644,"élevée"
"100_92_R01",3.86,0.26,2.644,"élevée"
"100_92_R01",3.86,0.26,2.644,"élevée"
"100_92_R01",3.86,0.26,2.644,"élevée"
"100_92_R01",3.86,0.26,2.644,"élevée"
"100_92_R01",3.86,0.26,2.644,"élevée"
"100_92_R01",3.86,0.26,2.644,"élevée"
"100_92_R01",3.86,0.26,2.644,"élevée"
"100_92_R01",3.86,0.26,2.644,"élevée"
"100_92_R01",3.86,0.26,2.644,"élevée"
"100_92_R01",3.86,0.26,2.644,"élevée"
"100_92_R01",3.86,0.26,2.644,"élevée"
"100_92_R01",3.86,0.26,2.644,"élevée"
"100_92_R01",3.86,0.26,2.644,"élevée"
"100_92_R01",3.86,0.26,2.644,"élevée"
"105_101_R01",13.4,0.23,0.748,"faible"
"105_101_R01",13.4,0.23,0.748,"faible"
"105_101_R01",13.4,0.23,0.748,"faible"
"105_101_R01",13.4,0.23,0.748,"faible"
"105_101_R01",13.4,0.23,0.748,"faible"
"105_101_R01",13.4,0.23,0.748,"faible"
"105_101_R01",13.4,0.23,0.748,"faible"
"105_101_R01",13.4,0.23,0.748,"faible"
"105_101_R01",13.4,0.23,0.748,"faible"
"105_101_R01",13.4,0.23,0.748,"faible"
"105_101_R01",13.4,0.23,0.748,"faible"
"105_101_R01",13.4,0.23,0.748,"faible"
"105_101_R01",13.4,0.23,0.748,"faible"
"105_101_R01",13.4,0.23,0.748,"faible"
"105_101_R01",13.4,0.23,0.748,"faible"
"105_101_R01",13.4,0.23,0.748,"faible"
"105_101_R01",13.4,0.23,0.748,"faible"
"105_101_R01",13.4,0.23,0.748,"faible"
"105_101_R01",13.4,0.23,0.748,"faible"
"105_101_R01",13.4,0.23,0.748,"faible"
"105_101_R01",13.4,0.23,0.748,"faible"
"105_101_R01",13.4,0.23,0.748,"faible"
"105_101_R01",13.4,0.23,0.748,"faible"
"105_101_R01",13.4,0.23,0.748,"faible"
"105_101_R01",13.4,0.23,0.748,"faible"
"105_101_R01",13.4,0.23,0.748,"faible"
"105_101_R01",13.4,0.23,0.748,"faible"
"105_101_R01",13.4,0.23,0.748,"faible"
"105_101_R01",13.4,0.23,0.748,"faible"
"105_101_R01",13.4,0.23,0.748,"faible"
"105_101_R01",13.4,0.23,0.748,"faible"
"105_101_R01",13.4,0.23,0.748,"faible"
"108_119_R01",5,0.5,0.786,"moyenne"
"108_119_R01",5,0.5,0.786,"moyenne"
"108_119_R01",5,0.5,0.786,"moyenne"
"108_119_R01",5,0.5,0.786,"moyenne"
"108_119_R01",5,0.5,0.786,"moyenne"
"108_119_R01",5,0.5,0.786,"moyenne"
"108_119_R01",5,0.5,0.786,"moyenne"
"108_119_R01",5,0.5,0.786,"moyenne"
"108_119_R01",5,0.5,0.786,"moyenne"
"108_119_R01",5,0.5,0.786,"moyenne"
"108_119_R01",5,0.5,0.786,"moyenne"
"108_119_R01",5,0.5,0.786,"moyenne"
"108_119_R01",5,0.5,0.786,"moyenne"
"108_119_R01",5,0.5,0.786,"moyenne"
"108_119_R01",5,0.5,0.786,"moyenne"
"108_119_R01",5,0.5,0.786,"moyenne"
"108_119_R01",5,0.5,0.786,"moyenne"
"108_119_R01",5,0.5,0.786,"moyenne"
"108_119_R01",5,0.5,0.786,"moyenne"
"108_119_R01",5,0.5,0.786,"moyenne"
"108_119_R01",5,0.5,0.786,"moyenne"
"108_119_R01",5,0.5,0.786,"moyenne"
"108_119_R01",5,0.5,0.786,"moyenne"
"108_119_R01",5,0.5,0.786,"moyenne"
"108_119_R01",5,0.5,0.786,"moyenne"
"108_119_R01",5,0.5,0.786,"moyenne"
"108_119_R01",5,0.5,0.786,"moyenne"
"108_119_R01",5,0.5,0.786,"moyenne"
"108_119_R01",5,0.5,0.786,"moyenne"
"108_119_R01",5,0.5,0.786,"moyenne"
"108_119_R01",5,0.5,0.786,"moyenne"
"108_119_R01",5,0.5,0.786,"moyenne"
"108_119_R01",5,0.5,0.786,"moyenne"
"108_119_R01",5,0.5,0.786,"moyenne"
"108_119_R01",5,0.5,0.786,"moyenne"
"108_119_R01",5,0.5,0.786,"moyenne"
"108_119_R01",5,0.5,0.786,"moyenne"
"108_119_R01",5,0.5,0.786,"moyenne"
"113_113_R01",10,0.35,0.336,"moyenne"
"113_113_R01",10,0.35,0.336,"moyenne"
"113_113_R01",10,0.35,0.336,"moyenne"
"113_113_R01",10,0.35,0.336,"moyenne"
"113_113_R01",10,0.35,0.336,"moyenne"
"113_113_R01",10,0.35,0.336,"moyenne"
"113_113_R01",10,0.35,0.336,"moyenne"
"113_113_R01",10,0.35,0.336,"moyenne"
"113_113_R01",10,0.35,0.336,"moyenne"
"113_113_R01",10,0.35,0.336,"moyenne"
"113_113_R01",10,0.35,0.336,"moyenne"
"113_113_R01",10,0.35,0.336,"moyenne"
"113_113_R01",10,0.35,0.336,"moyenne"
"113_113_R01",10,0.35,0.336,"moyenne"
"113_113_R01",10,0.35,0.336,"moyenne"
"113_113_R01",10,0.35,0.336,"moyenne"
"113_113_R01",10,0.35,0.336,"moyenne"
"113_113_R01",10,0.35,0.336,"moyenne"
"113_113_R01",10,0.35,0.336,"moyenne"
"113_113_R01",10,0.35,0.336,"moyenne"
"113_113_R01",10,0.35,0.336,"moyenne"
"113_113_R01",10,0.35,0.336,"moyenne"
"113_113_R01",10,0.35,0.336,"moyenne"
"113_113_R01",10,0.35,0.336,"moyenne"
"113_113_R01",10,0.35,0.336,"moyenne"
"113_113_R01",10,0.35,0.336,"moyenne"
"113_113_R01",10,0.35,0.336,"moyenne"
"113_113_R01",10,0.35,0.336,"moyenne"
"113_113_R01",10,0.35,0.336,"moyenne"
"113_113_R01",10,0.35,0.336,"moyenne"
"113_113_R01",10,0.35,0.336,"moyenne"
"113_113_R01",10,0.35,0.336,"moyenne"
"113_113_R01",10,0.35,0.336,"moyenne"
"113_113_R01",10,0.35,0.336,"moyenne"
"113_113_R01",10,0.35,0.336,"moyenne"
"122_111_R01",15,0.3,NA,"moyenne"
"122_111_R01",15,0.3,NA,"moyenne"
"122_111_R01",15,0.3,NA,"moyenne"
"122_111_R01",15,0.3,NA,"moyenne"
"122_111_R01",15,0.3,NA,"moyenne"
"122_111_R01",15,0.3,NA,"moyenne"
"122_111_R01",15,0.3,NA,"moyenne"
"122_111_R01",15,0.3,NA,"moyenne"
"122_111_R01",15,0.3,NA,"moyenne"
"122_111_R01",15,0.3,NA,"moyenne"
"122_111_R01",15,0.3,NA,"moyenne"
"122_111_R01",15,0.3,NA,"moyenne"
"122_111_R01",15,0.3,NA,"moyenne"
"122_111_R01",15,0.3,NA,"moyenne"
"122_111_R01",15,0.3,NA,"moyenne"
"122_111_R01",15,0.3,NA,"moyenne"
"122_111_R01",15,0.3,NA,"moyenne"
"122_111_R01",15,0.3,NA,"moyenne"
"122_111_R01",15,0.3,NA,"moyenne"
"122_111_R01",15,0.3,NA,"moyenne"
"122_111_R01",15,0.3,NA,"moyenne"
"122_111_R01",15,0.3,NA,"moyenne"
"122_111_R01",15,0.3,NA,"moyenne"
"122_111_R01",15,0.3,NA,"moyenne"
"122_111_R01",15,0.3,NA,"moyenne"
"122_111_R01",15,0.3,NA,"moyenne"
"122_111_R01",15,0.3,NA,"moyenne"
"122_111_R01",15,0.3,NA,"moyenne"
"122_111_R01",15,0.3,NA,"moyenne"
"122_111_R01",15,0.3,NA,"moyenne"
"122_111_R01",15,0.3,NA,"moyenne"
"122_111_R01",15,0.3,NA,"moyenne"
"122_111_R01",15,0.3,NA,"moyenne"
"122_84_R01",8.75,0.34,0.94,"moyenne"
"122_84_R01",8.75,0.34,0.94,"moyenne"
"122_84_R01",8.75,0.34,0.94,"moyenne"
"122_84_R01",8.75,0.34,0.94,"moyenne"
"122_84_R01",8.75,0.34,0.94,"moyenne"
"122_84_R01",8.75,0.34,0.94,"moyenne"
"122_84_R01",8.75,0.34,0.94,"moyenne"
"122_84_R01",8.75,0.34,0.94,"moyenne"
"122_84_R01",8.75,0.34,0.94,"moyenne"
"122_84_R01",8.75,0.34,0.94,"moyenne"
"122_84_R01",8.75,0.34,0.94,"moyenne"
"122_84_R01",8.75,0.34,0.94,"moyenne"
"122_84_R01",8.75,0.34,0.94,"moyenne"
"122_84_R01",8.75,0.34,0.94,"moyenne"
"122_84_R01",8.75,0.34,0.94,"moyenne"
"122_84_R01",8.75,0.34,0.94,"moyenne"
"122_84_R01",8.75,0.34,0.94,"moyenne"
"122_84_R01",8.75,0.34,0.94,"moyenne"
"122_84_R01",8.75,0.34,0.94,"moyenne"
"122_84_R01",8.75,0.34,0.94,"moyenne"
"122_84_R01",8.75,0.34,0.94,"moyenne"
"122_84_R01",8.75,0.34,0.94,"moyenne"
"122_84_R01",8.75,0.34,0.94,"moyenne"
"122_84_R01",8.75,0.34,0.94,"moyenne"
"122_84_R01",8.75,0.34,0.94,"moyenne"
"122_84_R01",8.75,0.34,0.94,"moyenne"
"122_84_R01",8.75,0.34,0.94,"moyenne"
"122_84_R01",8.75,0.34,0.94,"moyenne"
"122_84_R01",8.75,0.34,0.94,"moyenne"
"122_84_R01",8.75,0.34,0.94,"moyenne"
"122_84_R01",8.75,0.34,0.94,"moyenne"
"122_84_R01",8.75,0.34,0.94,"moyenne"
"122_84_R01",8.75,0.34,0.94,"moyenne"
"122_84_R01",8.75,0.34,0.94,"moyenne"
"122_84_R01",8.75,0.34,0.94,"moyenne"
"122_84_R01",8.75,0.34,0.94,"moyenne"
"122_84_R01",8.75,0.34,0.94,"moyenne"
"122_84_R01",8.75,0.34,0.94,"moyenne"
"122_92_R01",13,0.29,NA,"élevée"
"122_92_R01",13,0.29,NA,"élevée"
"122_92_R01",13,0.29,NA,"élevée"
"122_92_R01",13,0.29,NA,"élevée"
"122_92_R01",13,0.29,NA,"élevée"
"122_92_R01",13,0.29,NA,"élevée"
"122_92_R01",13,0.29,NA,"élevée"
"122_92_R01",13,0.29,NA,"élevée"
"122_92_R01",13,0.29,NA,"élevée"
"122_92_R01",13,0.29,NA,"élevée"
"122_92_R01",13,0.29,NA,"élevée"
"122_92_R01",13,0.29,NA,"élevée"
"122_92_R01",13,0.29,NA,"élevée"
"122_92_R01",13,0.29,NA,"élevée"
"122_92_R01",13,0.29,NA,"élevée"
"122_92_R01",13,0.29,NA,"élevée"
"122_92_R01",13,0.29,NA,"élevée"
"122_92_R01",13,0.29,NA,"élevée"
"122_92_R01",13,0.29,NA,"élevée"
"122_92_R01",13,0.29,NA,"élevée"
"122_92_R01",13,0.29,NA,"élevée"
"122_92_R01",13,0.29,NA,"élevée"
"122_92_R01",13,0.29,NA,"élevée"
"122_92_R01",13,0.29,NA,"élevée"
"122_92_R01",13,0.29,NA,"élevée"
"122_92_R01",13,0.29,NA,"élevée"
"122_92_R01",13,0.29,NA,"élevée"
"122_92_R01",13,0.29,NA,"élevée"
"122_92_R01",13,0.29,NA,"élevée"
"122_92_R01",13,0.29,NA,"élevée"
"122_92_R01",13,0.29,NA,"élevée"
"122_92_R01",13,0.29,NA,"élevée"
"122_92_R01",13,0.29,NA,"élevée"
"122_92_R01",13,0.29,NA,"élevée"
"122_92_R01",13,0.29,NA,"élevée"
"122_92_R01",13,0.29,NA,"élevée"
"122_92_R01",13,0.29,NA,"élevée"
"122_92_R01",13,0.29,NA,"élevée"
"122_92_R01",13,0.29,NA,"élevée"
"122_92_R01",13,0.29,NA,"élevée"
"122_92_R01",13,0.29,NA,"élevée"
"122_92_R01",13,0.29,NA,"élevée"
"122_92_R01",13,0.29,NA,"élevée"
"122_92_R01",13,0.29,NA,"élevée"
"122_94_R01",8,0.45,2.5,"élevée"
"122_94_R01",8,0.45,2.5,"élevée"
"122_94_R01",8,0.45,2.5,"élevée"
"122_94_R01",8,0.45,2.5,"élevée"
"122_94_R01",8,0.45,2.5,"élevée"
"122_94_R01",8,0.45,2.5,"élevée"
"122_94_R01",8,0.45,2.5,"élevée"
"122_94_R01",8,0.45,2.5,"élevée"
"122_94_R01",8,0.45,2.5,"élevée"
"122_94_R01",8,0.45,2.5,"élevée"
"122_94_R01",8,0.45,2.5,"élevée"
"122_94_R01",8,0.45,2.5,"élevée"
"122_94_R01",8,0.45,2.5,"élevée"
"122_94_R01",8,0.45,2.5,"élevée"
"122_94_R01",8,0.45,2.5,"élevée"
"122_94_R01",8,0.45,2.5,"élevée"
"122_94_R01",8,0.45,2.5,"élevée"
"122_94_R01",8,0.45,2.5,"élevée"
"122_94_R01",8,0.45,2.5,"élevée"
"122_94_R01",8,0.45,2.5,"élevée"
"122_94_R01",8,0.45,2.5,"élevée"
"122_94_R01",8,0.45,2.5,"élevée"
"122_94_R01",8,0.45,2.5,"élevée"
"122_94_R01",8,0.45,2.5,"élevée"
"122_94_R01",8,0.45,2.5,"élevée"
"122_94_R01",8,0.45,2.5,"élevée"
"122_94_R01",8,0.45,2.5,"élevée"
"122_94_R01",8,0.45,2.5,"élevée"
"124_86_R01",7.43,0.41,NA,"moyenne"
"124_86_R01",7.43,0.41,NA,"moyenne"
"124_86_R01",7.43,0.41,NA,"moyenne"
"124_86_R01",7.43,0.41,NA,"moyenne"
"124_86_R01",7.43,0.41,NA,"moyenne"
"124_86_R01",7.43,0.41,NA,"moyenne"
"124_86_R01",7.43,0.41,NA,"moyenne"
"124_86_R01",7.43,0.41,NA,"moyenne"
"124_86_R01",7.43,0.41,NA,"moyenne"
"124_86_R01",7.43,0.41,NA,"moyenne"
"124_86_R01",7.43,0.41,NA,"moyenne"
"124_86_R01",7.43,0.41,NA,"moyenne"
"124_86_R01",7.43,0.41,NA,"moyenne"
"124_86_R01",7.43,0.41,NA,"moyenne"
"124_86_R01",7.43,0.41,NA,"moyenne"
"124_86_R01",7.43,0.41,NA,"moyenne"
"124_86_R01",7.43,0.41,NA,"moyenne"
"124_86_R01",7.43,0.41,NA,"moyenne"
"124_86_R01",7.43,0.41,NA,"moyenne"
"124_86_R01",7.43,0.41,NA,"moyenne"
"124_86_R01",7.43,0.41,NA,"moyenne"
"124_86_R01",7.43,0.41,NA,"moyenne"
"124_86_R01",7.43,0.41,NA,"moyenne"
"124_86_R01",7.43,0.41,NA,"moyenne"
"124_86_R01",7.43,0.41,NA,"moyenne"
"124_86_R01",7.43,0.41,NA,"moyenne"
"124_86_R01",7.43,0.41,NA,"moyenne"
"124_86_R01",7.43,0.41,NA,"moyenne"
"124_86_R01",7.43,0.41,NA,"moyenne"
"124_86_R01",7.43,0.41,NA,"moyenne"
"124_86_R01",7.43,0.41,NA,"moyenne"
"124_86_R01",7.43,0.41,NA,"moyenne"
"124_86_R01",7.43,0.41,NA,"moyenne"
"124_86_R01",7.43,0.41,NA,"moyenne"
"124_86_R01",7.43,0.41,NA,"moyenne"
"124_86_R01",7.43,0.41,NA,"moyenne"
"124_86_R01",7.43,0.41,NA,"moyenne"
"124_86_R01",7.43,0.41,NA,"moyenne"
"124_86_R01",7.43,0.41,NA,"moyenne"
"124_86_R01",7.43,0.41,NA,"moyenne"
"124_86_R01",7.43,0.41,NA,"moyenne"
"124_86_R01",7.43,0.41,NA,"moyenne"
"128_120_R01",4.5,0.39,0.88,"moyenne"
"128_120_R01",4.5,0.39,0.88,"moyenne"
"128_120_R01",4.5,0.39,0.88,"moyenne"
"128_120_R01",4.5,0.39,0.88,"moyenne"
"128_120_R01",4.5,0.39,0.88,"moyenne"
"128_120_R01",4.5,0.39,0.88,"moyenne"
"128_120_R01",4.5,0.39,0.88,"moyenne"
"128_120_R01",4.5,0.39,0.88,"moyenne"
"128_120_R01",4.5,0.39,0.88,"moyenne"
"128_120_R01",4.5,0.39,0.88,"moyenne"
"128_120_R01",4.5,0.39,0.88,"moyenne"
"128_120_R01",4.5,0.39,0.88,"moyenne"
"128_120_R01",4.5,0.39,0.88,"moyenne"
"128_120_R01",4.5,0.39,0.88,"moyenne"
"128_120_R01",4.5,0.39,0.88,"moyenne"
"128_120_R01",4.5,0.39,0.88,"moyenne"
"128_120_R01",4.5,0.39,0.88,"moyenne"
"128_120_R01",4.5,0.39,0.88,"moyenne"
"128_120_R01",4.5,0.39,0.88,"moyenne"
"128_120_R01",4.5,0.39,0.88,"moyenne"
"128_120_R01",4.5,0.39,0.88,"moyenne"
"128_120_R01",4.5,0.39,0.88,"moyenne"
"128_120_R01",4.5,0.39,0.88,"moyenne"
"128_120_R01",4.5,0.39,0.88,"moyenne"
"128_120_R01",4.5,0.39,0.88,"moyenne"
"128_120_R01",4.5,0.39,0.88,"moyenne"
"128_120_R01",4.5,0.39,0.88,"moyenne"
"128_120_R01",4.5,0.39,0.88,"moyenne"
"128_120_R01",4.5,0.39,0.88,"moyenne"
"128_120_R01",4.5,0.39,0.88,"moyenne"
"128_120_R01",4.5,0.39,0.88,"moyenne"
"128_120_R01",4.5,0.39,0.88,"moyenne"
"128_120_R01",4.5,0.39,0.88,"moyenne"
"128_120_R01",4.5,0.39,0.88,"moyenne"
"128_120_R01",4.5,0.39,0.88,"moyenne"
"128_120_R01",4.5,0.39,0.88,"moyenne"
"128_120_R01",4.5,0.39,0.88,"moyenne"
"128_120_R01",4.5,0.39,0.88,"moyenne"
"128_120_R01",4.5,0.39,0.88,"moyenne"
"128_120_R01",4.5,0.39,0.88,"moyenne"
"128_89_R01",12.3,0.47,0.51,"moyenne"
"128_89_R01",12.3,0.47,0.51,"moyenne"
"128_89_R01",12.3,0.47,0.51,"moyenne"
"128_89_R01",12.3,0.47,0.51,"moyenne"
"128_89_R01",12.3,0.47,0.51,"moyenne"
"128_89_R01",12.3,0.47,0.51,"moyenne"
"128_89_R01",12.3,0.47,0.51,"moyenne"
"128_89_R01",12.3,0.47,0.51,"moyenne"
"128_89_R01",12.3,0.47,0.51,"moyenne"
"128_89_R01",12.3,0.47,0.51,"moyenne"
"128_89_R01",12.3,0.47,0.51,"moyenne"
"128_89_R01",12.3,0.47,0.51,"moyenne"
"128_89_R01",12.3,0.47,0.51,"moyenne"
"128_89_R01",12.3,0.47,0.51,"moyenne"
"128_89_R01",12.3,0.47,0.51,"moyenne"
"128_89_R01",12.3,0.47,0.51,"moyenne"
"128_89_R01",12.3,0.47,0.51,"moyenne"
"128_89_R01",12.3,0.47,0.51,"moyenne"
"128_89_R01",12.3,0.47,0.51,"moyenne"
"128_89_R01",12.3,0.47,0.51,"moyenne"
"128_89_R01",12.3,0.47,0.51,"moyenne"
"128_89_R01",12.3,0.47,0.51,"moyenne"
"128_89_R01",12.3,0.47,0.51,"moyenne"
"128_89_R01",12.3,0.47,0.51,"moyenne"
"128_89_R01",12.3,0.47,0.51,"moyenne"
"128_89_R01",12.3,0.47,0.51,"moyenne"
"128_89_R01",12.3,0.47,0.51,"moyenne"
"128_89_R01",12.3,0.47,0.51,"moyenne"
"128_89_R01",12.3,0.47,0.51,"moyenne"
"128_89_R01",12.3,0.47,0.51,"moyenne"
"128_89_R01",12.3,0.47,0.51,"moyenne"
"128_89_R01",12.3,0.47,0.51,"moyenne"
"128_89_R01",12.3,0.47,0.51,"moyenne"
"128_89_R01",12.3,0.47,0.51,"moyenne"
"128_89_R01",12.3,0.47,0.51,"moyenne"
"128_89_R01",12.3,0.47,0.51,"moyenne"
"128_89_R01",12.3,0.47,0.51,"moyenne"
"128_89_R01",12.3,0.47,0.51,"moyenne"
"128_89_R01",12.3,0.47,0.51,"moyenne"
"128_89_R01",12.3,0.47,0.51,"moyenne"
"128_89_R01",12.3,0.47,0.51,"moyenne"
"128_89_R01",12.3,0.47,0.51,"moyenne"
"128_89_R01",12.3,0.47,0.51,"moyenne"
"128_89_R01",12.3,0.47,0.51,"moyenne"
"129_123_R01",7,0.5,0.88,"moyenne"
"129_123_R01",7,0.5,0.88,"moyenne"
"129_123_R01",7,0.5,0.88,"moyenne"
"129_123_R01",7,0.5,0.88,"moyenne"
"129_123_R01",7,0.5,0.88,"moyenne"
"129_123_R01",7,0.5,0.88,"moyenne"
"129_123_R01",7,0.5,0.88,"moyenne"
"129_123_R01",7,0.5,0.88,"moyenne"
"129_123_R01",7,0.5,0.88,"moyenne"
"129_123_R01",7,0.5,0.88,"moyenne"
"129_123_R01",7,0.5,0.88,"moyenne"
"129_123_R01",7,0.5,0.88,"moyenne"
"129_123_R01",7,0.5,0.88,"moyenne"
"129_123_R01",7,0.5,0.88,"moyenne"
"129_123_R01",7,0.5,0.88,"moyenne"
"129_123_R01",7,0.5,0.88,"moyenne"
"129_123_R01",7,0.5,0.88,"moyenne"
"129_123_R01",7,0.5,0.88,"moyenne"
"129_123_R01",7,0.5,0.88,"moyenne"
"129_123_R01",7,0.5,0.88,"moyenne"
"129_123_R01",7,0.5,0.88,"moyenne"
"129_123_R01",7,0.5,0.88,"moyenne"
"129_123_R01",7,0.5,0.88,"moyenne"
"129_123_R01",7,0.5,0.88,"moyenne"
"129_123_R01",7,0.5,0.88,"moyenne"
"129_123_R01",7,0.5,0.88,"moyenne"
"129_123_R01",7,0.5,0.88,"moyenne"
"129_93_R01",10,0.15,NA,"élevée"
"129_93_R01",10,0.15,NA,"élevée"
"129_93_R01",10,0.15,NA,"élevée"
"129_93_R01",10,0.15,NA,"élevée"
"129_93_R01",10,0.15,NA,"élevée"
"129_93_R01",10,0.15,NA,"élevée"
"129_93_R01",10,0.15,NA,"élevée"
"129_93_R01",10,0.15,NA,"élevée"
"129_93_R01",10,0.15,NA,"élevée"
"129_93_R01",10,0.15,NA,"élevée"
"129_93_R01",10,0.15,NA,"élevée"
"129_93_R01",10,0.15,NA,"élevée"
"129_93_R01",10,0.15,NA,"élevée"
"129_93_R01",10,0.15,NA,"élevée"
"129_93_R01",10,0.15,NA,"élevée"
"129_93_R01",10,0.15,NA,"élevée"
"129_93_R01",10,0.15,NA,"élevée"
"129_93_R01",10,0.15,NA,"élevée"
"129_93_R01",10,0.15,NA,"élevée"
"129_93_R01",10,0.15,NA,"élevée"
"129_93_R01",10,0.15,NA,"élevée"
"129_93_R01",10,0.15,NA,"élevée"
"129_93_R01",10,0.15,NA,"élevée"
"129_93_R01",10,0.15,NA,"élevée"
"129_93_R01",10,0.15,NA,"élevée"
"129_93_R01",10,0.15,NA,"élevée"
"129_93_R01",10,0.15,NA,"élevée"
"129_93_R01",10,0.15,NA,"élevée"
"129_93_R01",10,0.15,NA,"élevée"
"131_120_R01",10,0.34,NA,"élevée"
"131_120_R01",10,0.34,NA,"élevée"
"131_120_R01",10,0.34,NA,"élevée"
"131_120_R01",10,0.34,NA,"élevée"
"131_120_R01",10,0.34,NA,"élevée"
"131_120_R01",10,0.34,NA,"élevée"
"131_120_R01",10,0.34,NA,"élevée"
"131_120_R01",10,0.34,NA,"élevée"
"131_120_R01",10,0.34,NA,"élevée"
"131_120_R01",10,0.34,NA,"élevée"
"131_120_R01",10,0.34,NA,"élevée"
"131_120_R01",10,0.34,NA,"élevée"
"131_120_R01",10,0.34,NA,"élevée"
"131_120_R01",10,0.34,NA,"élevée"
"131_120_R01",10,0.34,NA,"élevée"
"131_120_R01",10,0.34,NA,"élevée"
"131_120_R01",10,0.34,NA,"élevée"
"131_120_R01",10,0.34,NA,"élevée"
"131_120_R01",10,0.34,NA,"élevée"
"131_120_R01",10,0.34,NA,"élevée"
"131_120_R01",10,0.34,NA,"élevée"
"131_120_R01",10,0.34,NA,"élevée"
"131_120_R01",10,0.34,NA,"élevée"
"131_120_R01",10,0.34,NA,"élevée"
"131_120_R01",10,0.34,NA,"élevée"
"131_120_R01",10,0.34,NA,"élevée"
"131_120_R01",10,0.34,NA,"élevée"
"131_120_R01",10,0.34,NA,"élevée"
"131_120_R01",10,0.34,NA,"élevée"
"131_120_R01",10,0.34,NA,"élevée"
"131_120_R01",10,0.34,NA,"élevée"
"131_120_R01",10,0.34,NA,"élevée"
"131_120_R01",10,0.34,NA,"élevée"
"131_120_R01",10,0.34,NA,"élevée"
"131_120_R01",10,0.34,NA,"élevée"
"131_120_R01",10,0.34,NA,"élevée"
"131_120_R01",10,0.34,NA,"élevée"
"131_120_R01",10,0.34,NA,"élevée"
"131_120_R01",10,0.34,NA,"élevée"
"132_116_R01",30,0.3,0.3607,"élevée"
"132_116_R01",30,0.3,0.3607,"élevée"
"132_116_R01",30,0.3,0.3607,"élevée"
"132_116_R01",30,0.3,0.3607,"élevée"
"132_116_R01",30,0.3,0.3607,"élevée"
"132_116_R01",30,0.3,0.3607,"élevée"
"132_116_R01",30,0.3,0.3607,"élevée"
"132_116_R01",30,0.3,0.3607,"élevée"
"132_116_R01",30,0.3,0.3607,"élevée"
"132_116_R01",30,0.3,0.3607,"élevée"
"132_116_R01",30,0.3,0.3607,"élevée"
"132_116_R01",30,0.3,0.3607,"élevée"
"132_116_R01",30,0.3,0.3607,"élevée"
"132_116_R01",30,0.3,0.3607,"élevée"
"132_116_R01",30,0.3,0.3607,"élevée"
"132_116_R01",30,0.3,0.3607,"élevée"
"132_116_R01",30,0.3,0.3607,"élevée"
"132_116_R01",30,0.3,0.3607,"élevée"
"132_116_R01",30,0.3,0.3607,"élevée"
"132_116_R01",30,0.3,0.3607,"élevée"
"132_116_R01",30,0.3,0.3607,"élevée"
"132_116_R01",30,0.3,0.3607,"élevée"
"132_116_R01",30,0.3,0.3607,"élevée"
"132_116_R01",30,0.3,0.3607,"élevée"
"132_116_R01",30,0.3,0.3607,"élevée"
"132_116_R01",30,0.3,0.3607,"élevée"
"132_116_R01",30,0.3,0.3607,"élevée"
"132_116_R01",30,0.3,0.3607,"élevée"
"132_116_R01",30,0.3,0.3607,"élevée"
"132_116_R01",30,0.3,0.3607,"élevée"
"132_116_R01",30,0.3,0.3607,"élevée"
"132_116_R01",30,0.3,0.3607,"élevée"
"132_116_R01",30,0.3,0.3607,"élevée"
"132_116_R01",30,0.3,0.3607,"élevée"
"132_116_R01",30,0.3,0.3607,"élevée"
"132_116_R01",30,0.3,0.3607,"élevée"
"132_116_R01",30,0.3,0.3607,"élevée"
"132_116_R01",30,0.3,0.3607,"élevée"
"132_116_R01",30,0.3,0.3607,"élevée"
"133_101_R01",11,0.15,0.1938,"élevée"
"133_101_R01",11,0.15,0.1938,"élevée"
"133_101_R01",11,0.15,0.1938,"élevée"
"133_101_R01",11,0.15,0.1938,"élevée"
"133_101_R01",11,0.15,0.1938,"élevée"
"133_101_R01",11,0.15,0.1938,"élevée"
"133_101_R01",11,0.15,0.1938,"élevée"
"133_101_R01",11,0.15,0.1938,"élevée"
"133_101_R01",11,0.15,0.1938,"élevée"
"133_101_R01",11,0.15,0.1938,"élevée"
"133_101_R01",11,0.15,0.1938,"élevée"
"133_101_R01",11,0.15,0.1938,"élevée"
"133_101_R01",11,0.15,0.1938,"élevée"
"133_101_R01",11,0.15,0.1938,"élevée"
"133_101_R01",11,0.15,0.1938,"élevée"
"133_101_R01",11,0.15,0.1938,"élevée"
"133_101_R01",11,0.15,0.1938,"élevée"
"133_101_R01",11,0.15,0.1938,"élevée"
"133_101_R01",11,0.15,0.1938,"élevée"
"133_101_R01",11,0.15,0.1938,"élevée"
"133_101_R01",11,0.15,0.1938,"élevée"
"133_101_R01",11,0.15,0.1938,"élevée"
"133_101_R01",11,0.15,0.1938,"élevée"
"133_101_R01",11,0.15,0.1938,"élevée"
"133_101_R01",11,0.15,0.1938,"élevée"
"133_101_R01",11,0.15,0.1938,"élevée"
"133_101_R01",11,0.15,0.1938,"élevée"
"133_101_R01",11,0.15,0.1938,"élevée"
"133_101_R01",11,0.15,0.1938,"élevée"
"133_101_R01",11,0.15,0.1938,"élevée"
"133_101_R01",11,0.15,0.1938,"élevée"
"133_101_R01",11,0.15,0.1938,"élevée"
"133_101_R01",11,0.15,0.1938,"élevée"
"133_101_R01",11,0.15,0.1938,"élevée"
"133_101_R01",11,0.15,0.1938,"élevée"
"133_101_R01",11,0.15,0.1938,"élevée"
"133_101_R01",11,0.15,0.1938,"élevée"
"133_101_R01",11,0.15,0.1938,"élevée"
"133_101_R01",11,0.15,0.1938,"élevée"
"133_101_R01",11,0.15,0.1938,"élevée"
"133_101_R01",11,0.15,0.1938,"élevée"
"133_101_R01",11,0.15,0.1938,"élevée"
"133_101_R01",11,0.15,0.1938,"élevée"
"133_101_R01",11,0.2,0.5754,"élevée"
"133_101_R01",11,0.2,0.5754,"élevée"
"133_101_R01",11,0.2,0.5754,"élevée"
"133_101_R01",11,0.2,0.5754,"élevée"
"133_101_R01",11,0.2,0.5754,"élevée"
"133_101_R01",11,0.2,0.5754,"élevée"
"133_101_R01",11,0.2,0.5754,"élevée"
"133_101_R01",11,0.2,0.5754,"élevée"
"133_101_R01",11,0.2,0.5754,"élevée"
"133_101_R01",11,0.2,0.5754,"élevée"
"133_101_R01",11,0.2,0.5754,"élevée"
"133_101_R01",11,0.2,0.5754,"élevée"
"133_101_R01",11,0.2,0.5754,"élevée"
"133_101_R01",11,0.2,0.5754,"élevée"
"133_101_R01",11,0.2,0.5754,"élevée"
"133_101_R01",11,0.2,0.5754,"élevée"
"133_101_R01",11,0.2,0.5754,"élevée"
"133_101_R01",11,0.2,0.5754,"élevée"
"133_101_R01",11,0.2,0.5754,"élevée"
"133_101_R01",11,0.2,0.5754,"élevée"
"133_101_R01",11,0.2,0.5754,"élevée"
"133_101_R01",11,0.2,0.5754,"élevée"
"133_101_R01",11,0.2,0.5754,"élevée"
"133_101_R01",11,0.2,0.5754,"élevée"
"133_101_R01",11,0.2,0.5754,"élevée"
"133_101_R01",11,0.2,0.5754,"élevée"
"133_101_R01",11,0.2,0.5754,"élevée"
"133_101_R01",11,0.2,0.5754,"élevée"
"133_101_R01",11,0.2,0.5754,"élevée"
"133_101_R01",11,0.2,0.5754,"élevée"
"133_101_R01",11,0.2,0.5754,"élevée"
"133_101_R01",11,0.2,0.5754,"élevée"
"133_101_R01",11,0.2,0.5754,"élevée"
"133_101_R01",11,0.2,0.5754,"élevée"
"133_101_R01",11,0.2,0.5754,"élevée"
"133_101_R01",8,0.1,0.1306,"élevée"
"133_101_R01",8,0.1,0.1306,"élevée"
"133_101_R01",8,0.1,0.1306,"élevée"
"133_101_R01",8,0.1,0.1306,"élevée"
"133_101_R01",8,0.1,0.1306,"élevée"
"133_101_R01",8,0.1,0.1306,"élevée"
"133_101_R01",8,0.1,0.1306,"élevée"
"133_101_R01",8,0.1,0.1306,"élevée"
"133_101_R01",8,0.1,0.1306,"élevée"
"133_101_R01",8,0.1,0.1306,"élevée"
"133_101_R01",8,0.1,0.1306,"élevée"
"133_101_R01",8,0.1,0.1306,"élevée"
"133_101_R01",8,0.1,0.1306,"élevée"
"133_101_R01",8,0.1,0.1306,"élevée"
"133_101_R01",8,0.1,0.1306,"élevée"
"133_101_R01",8,0.1,0.1306,"élevée"
"133_101_R01",8,0.1,0.1306,"élevée"
"133_101_R01",8,0.1,0.1306,"élevée"
"133_101_R01",8,0.1,0.1306,"élevée"
"133_101_R01",8,0.1,0.1306,"élevée"
"133_101_R01",8,0.1,0.1306,"élevée"
"133_101_R01",8,0.1,0.1306,"élevée"
"133_101_R01",8,0.1,0.1306,"élevée"
"133_101_R01",8,0.1,0.1306,"élevée"
"133_101_R01",8,0.1,0.1306,"élevée"
"133_101_R01",8,0.1,0.1306,"élevée"
"133_101_R01",8,0.1,0.1306,"élevée"
"133_101_R01",8,0.1,0.1306,"élevée"
"133_101_R01",8,0.1,0.1306,"élevée"
"133_101_R01",8,0.1,0.1306,"élevée"
"133_101_R01",8,0.1,0.1306,"élevée"
"133_101_R01",8,0.1,0.1306,"élevée"
"133_101_R01",8,0.1,0.1306,"élevée"
"133_101_R01",8,0.1,0.1306,"élevée"
"133_101_R01",8,0.1,0.2966,"élevée"
"133_101_R01",8,0.1,0.2966,"élevée"
"133_101_R01",8,0.1,0.2966,"élevée"
"133_101_R01",8,0.1,0.2966,"élevée"
"133_101_R01",8,0.1,0.2966,"élevée"
"133_101_R01",8,0.1,0.2966,"élevée"
"133_101_R01",8,0.1,0.2966,"élevée"
"133_101_R01",8,0.1,0.2966,"élevée"
"133_101_R01",8,0.1,0.2966,"élevée"
"133_101_R01",8,0.1,0.2966,"élevée"
"133_101_R01",8,0.1,0.2966,"élevée"
"133_101_R01",8,0.1,0.2966,"élevée"
"133_101_R01",8,0.1,0.2966,"élevée"
"133_101_R01",8,0.1,0.2966,"élevée"
"133_101_R01",8,0.1,0.2966,"élevée"
"133_101_R01",8,0.1,0.2966,"élevée"
"133_101_R01",8,0.1,0.2966,"élevée"
"133_101_R01",8,0.1,0.2966,"élevée"
"133_101_R01",8,0.1,0.2966,"élevée"
"133_101_R01",8,0.1,0.2966,"élevée"
"133_101_R01",8,0.1,0.2966,"élevée"
"133_101_R01",8,0.1,0.2966,"élevée"
"133_101_R01",8,0.1,0.2966,"élevée"
"133_101_R01",8,0.1,0.2966,"élevée"
"133_101_R01",8,0.1,0.2966,"élevée"
"133_101_R01",8,0.1,0.2966,"élevée"
"133_101_R01",8,0.1,0.2966,"élevée"
"133_101_R01",8,0.1,0.2966,"élevée"
"133_101_R01",8,0.1,0.2966,"élevée"
"133_101_R01",8,0.1,0.2966,"élevée"
"133_101_R01",8,0.1,0.2966,"élevée"
"133_101_R01",8,0.1,0.2966,"élevée"
"133_101_R01",8,0.1,0.2966,"élevée"
"133_101_R01",8,0.1,0.2966,"élevée"
"133_101_R01",8,0.1,0.2966,"élevée"
"133_101_R01",8,0.1,0.2966,"élevée"
"133_101_R01",8,0.1,0.2966,"élevée"
"133_101_R01",8,0.1,0.2966,"élevée"
"133_101_R01",8,0.1,0.2966,"élevée"
"133_101_R01",8,0.1,0.2966,"élevée"
"133_101_R01",10,0.2,0.2248,"élevée"
"133_101_R01",10,0.2,0.2248,"élevée"
"133_101_R01",10,0.2,0.2248,"élevée"
"133_101_R01",10,0.2,0.2248,"élevée"
"133_101_R01",10,0.2,0.2248,"élevée"
"133_101_R01",10,0.2,0.2248,"élevée"
"133_101_R01",10,0.2,0.2248,"élevée"
"133_101_R01",10,0.2,0.2248,"élevée"
"133_101_R01",10,0.2,0.2248,"élevée"
"133_101_R01",10,0.2,0.2248,"élevée"
"133_101_R01",10,0.2,0.2248,"élevée"
"133_101_R01",10,0.2,0.2248,"élevée"
"133_101_R01",10,0.2,0.2248,"élevée"
"133_101_R01",10,0.2,0.2248,"élevée"
"133_101_R01",10,0.2,0.2248,"élevée"
"133_101_R01",10,0.2,0.2248,"élevée"
"133_101_R01",10,0.2,0.2248,"élevée"
"133_101_R01",10,0.2,0.2248,"élevée"
"133_101_R01",10,0.2,0.2248,"élevée"
"133_101_R01",10,0.2,0.2248,"élevée"
"133_101_R01",10,0.2,0.2248,"élevée"
"133_101_R01",10,0.2,0.2248,"élevée"
"133_101_R01",10,0.2,0.2248,"élevée"
"133_101_R01",10,0.2,0.2248,"élevée"
"133_101_R01",10,0.2,0.2248,"élevée"
"133_101_R01",10,0.2,0.2248,"élevée"
"133_101_R01",10,0.2,0.2248,"élevée"
"133_101_R01",10,0.2,0.2248,"élevée"
"133_101_R01",10,0.2,0.2248,"élevée"
"133_101_R01",10,0.2,0.2248,"élevée"
"133_101_R01",10,0.2,0.2248,"élevée"
"133_101_R01",10,0.2,0.2248,"élevée"
"133_101_R01",10,0.2,0.2248,"élevée"
"133_101_R01",10,0.2,0.2248,"élevée"
"133_101_R01",10,0.2,0.2248,"élevée"
"133_101_R01",10,0.2,0.2248,"élevée"
"133_101_R01",10,0.2,0.2248,"élevée"
"133_101_R01",10,0.2,0.2248,"élevée"
"133_101_R01",10,0.2,0.2248,"élevée"
"133_101_R01",10,0.2,0.2248,"élevée"
"133_101_R01",10,0.2,0.2248,"élevée"
"133_101_R01",10,0.2,0.2248,"élevée"
"133_101_R01",10,0.2,0.2248,"élevée"
"133_101_R01",10,0.2,0.2248,"élevée"
"133_101_R01",5,0.1,0.0504,"élevée"
"133_101_R01",5,0.1,0.0504,"élevée"
"133_101_R01",5,0.1,0.0504,"élevée"
"133_101_R01",5,0.1,0.0504,"élevée"
"133_101_R01",5,0.1,0.0504,"élevée"
"133_101_R01",5,0.1,0.0504,"élevée"
"133_101_R01",5,0.1,0.0504,"élevée"
"133_101_R01",5,0.1,0.0504,"élevée"
"133_101_R01",5,0.1,0.0504,"élevée"
"133_101_R01",5,0.1,0.0504,"élevée"
"133_101_R01",5,0.1,0.0504,"élevée"
"133_101_R01",5,0.1,0.0504,"élevée"
"133_101_R01",5,0.1,0.0504,"élevée"
"133_101_R01",5,0.1,0.0504,"élevée"
"133_101_R01",5,0.1,0.0504,"élevée"
"133_101_R01",5,0.1,0.0504,"élevée"
"133_101_R01",5,0.1,0.0504,"élevée"
"133_101_R01",5,0.1,0.0504,"élevée"
"133_101_R01",5,0.1,0.0504,"élevée"
"133_101_R01",5,0.1,0.0504,"élevée"
"133_101_R01",5,0.1,0.0504,"élevée"
"133_101_R01",5,0.1,0.0504,"élevée"
"133_101_R01",5,0.1,0.0504,"élevée"
"133_101_R01",5,0.1,0.0504,"élevée"
"133_101_R01",5,0.1,0.0504,"élevée"
"133_101_R01",5,0.1,0.0504,"élevée"
"133_101_R01",5,0.1,0.0504,"élevée"
"133_101_R01",5,0.1,0.0504,"élevée"
"133_101_R01",5,0.1,0.0504,"élevée"
"133_101_R01",5,0.1,0.0504,"élevée"
"133_101_R01",5,0.1,0.0504,"élevée"
"133_101_R01",5,0.1,0.0504,"élevée"
"133_101_R01",5,0.1,0.0504,"élevée"
"133_101_R01",5,0.1,0.0504,"élevée"
"133_101_R01",5,0.1,0.0504,"élevée"
"133_101_R01",5,0.1,0.0504,"élevée"
"135_104_R01",25,0.35,NA,"élevée"
"135_104_R01",25,0.35,NA,"élevée"
"135_104_R01",25,0.35,NA,"élevée"
"135_104_R01",25,0.35,NA,"élevée"
"135_104_R01",25,0.35,NA,"élevée"
"135_104_R01",25,0.35,NA,"élevée"
"135_104_R01",25,0.35,NA,"élevée"
"135_104_R01",25,0.35,NA,"élevée"
"135_104_R01",25,0.35,NA,"élevée"
"135_104_R01",25,0.35,NA,"élevée"
"135_104_R01",25,0.35,NA,"élevée"
"135_104_R01",25,0.35,NA,"élevée"
"135_104_R01",25,0.35,NA,"élevée"
"135_104_R01",25,0.35,NA,"élevée"
"135_104_R01",25,0.35,NA,"élevée"
"135_104_R01",25,0.35,NA,"élevée"
"135_104_R01",25,0.35,NA,"élevée"
"135_104_R01",25,0.35,NA,"élevée"
"135_104_R01",25,0.35,NA,"élevée"
"135_104_R01",25,0.35,NA,"élevée"
"135_104_R01",25,0.35,NA,"élevée"
"135_104_R01",25,0.35,NA,"élevée"
"135_104_R01",25,0.35,NA,"élevée"
"135_104_R01",25,0.35,NA,"élevée"
"135_104_R01",25,0.35,NA,"élevée"
"135_104_R01",25,0.35,NA,"élevée"
"135_104_R01",25,0.35,NA,"élevée"
"135_104_R01",25,0.35,NA,"élevée"
"135_104_R01",25,0.35,NA,"élevée"
"135_104_R01",25,0.35,NA,"élevée"
"135_104_R01",25,0.35,NA,"élevée"
"135_104_R01",25,0.35,NA,"élevée"
"135_104_R01",25,0.35,NA,"élevée"
"135_104_R01",25,0.35,NA,"élevée"
"135_104_R01",25,0.35,NA,"élevée"
"135_104_R01",25,0.35,NA,"élevée"
"135_104_R01",25,0.35,NA,"élevée"
"135_104_R01",25,0.35,NA,"élevée"
"135_104_R01",25,0.35,NA,"élevée"
"135_104_R01",20,0.35,NA,"élevée"
"135_104_R01",20,0.35,NA,"élevée"
"135_104_R01",20,0.35,NA,"élevée"
"135_104_R01",20,0.35,NA,"élevée"
"135_104_R01",20,0.35,NA,"élevée"
"135_104_R01",20,0.35,NA,"élevée"
"135_104_R01",20,0.35,NA,"élevée"
"135_104_R01",20,0.35,NA,"élevée"
"135_104_R01",20,0.35,NA,"élevée"
"135_104_R01",20,0.35,NA,"élevée"
"135_104_R01",20,0.35,NA,"élevée"
"135_104_R01",20,0.35,NA,"élevée"
"135_104_R01",20,0.35,NA,"élevée"
"135_104_R01",20,0.35,NA,"élevée"
"135_104_R01",20,0.35,NA,"élevée"
"135_104_R01",20,0.35,NA,"élevée"
"135_104_R01",20,0.35,NA,"élevée"
"135_104_R01",20,0.35,NA,"élevée"
"135_104_R01",20,0.35,NA,"élevée"
"135_104_R01",20,0.35,NA,"élevée"
"135_104_R01",20,0.35,NA,"élevée"
"135_104_R01",20,0.35,NA,"élevée"
"135_104_R01",20,0.35,NA,"élevée"
"135_104_R01",20,0.35,NA,"élevée"
"135_104_R01",20,0.35,NA,"élevée"
"135_104_R01",20,0.35,NA,"élevée"
"135_104_R01",20,0.35,NA,"élevée"
"135_104_R01",20,0.35,NA,"élevée"
"135_104_R01",20,0.35,NA,"élevée"
"135_104_R01",20,0.35,NA,"élevée"
"135_104_R01",20,0.35,NA,"élevée"
"135_104_R01",20,0.35,NA,"élevée"
"135_104_R01",20,0.35,NA,"élevée"
"135_104_R01",20,0.35,NA,"élevée"
"135_104_R01",20,0.35,NA,"élevée"
"135_104_R01",20,0.35,NA,"élevée"
"135_104_R01",20,0.35,NA,"élevée"
"135_104_R01",20,0.35,NA,"élevée"
"135_104_R01",20,0.35,NA,"élevée"
"135_104_R01",20,0.35,NA,"élevée"
"135_104_R01",20,0.35,NA,"élevée"
"137_107_R01",6.5,0.15,NA,"moyenne"
"137_107_R01",6.5,0.15,NA,"moyenne"
"137_107_R01",6.5,0.15,NA,"moyenne"
"137_107_R01",6.5,0.15,NA,"moyenne"
"137_107_R01",6.5,0.15,NA,"moyenne"
"137_107_R01",6.5,0.15,NA,"moyenne"
"137_107_R01",6.5,0.15,NA,"moyenne"
"137_107_R01",6.5,0.15,NA,"moyenne"
"137_107_R01",6.5,0.15,NA,"moyenne"
"137_107_R01",6.5,0.15,NA,"moyenne"
"137_107_R01",6.5,0.15,NA,"moyenne"
"137_107_R01",6.5,0.15,NA,"moyenne"
"137_107_R01",6.5,0.15,NA,"moyenne"
"137_107_R01",6.5,0.15,NA,"moyenne"
"137_107_R01",6.5,0.15,NA,"moyenne"
"137_107_R01",6.5,0.15,NA,"moyenne"
"137_107_R01",6.5,0.15,NA,"moyenne"
"137_107_R01",6.5,0.15,NA,"moyenne"
"137_107_R01",6.5,0.15,NA,"moyenne"
"137_107_R01",6.5,0.15,NA,"moyenne"
"137_107_R01",6.5,0.15,NA,"moyenne"
"137_107_R01",6.5,0.15,NA,"moyenne"
"137_107_R01",6.5,0.15,NA,"moyenne"
"137_107_R01",6.5,0.15,NA,"moyenne"
"137_107_R01",6.5,0.15,NA,"moyenne"
"137_107_R01",6.5,0.15,NA,"moyenne"
"137_107_R01",6.5,0.15,NA,"moyenne"
"137_107_R01",6.5,0.15,NA,"moyenne"
"137_107_R01",6.5,0.15,NA,"moyenne"
"137_107_R01",6.5,0.15,NA,"moyenne"
"137_107_R01",6.5,0.15,NA,"moyenne"
"137_107_R01",6.5,0.15,NA,"moyenne"
"137_107_R01",6.5,0.15,NA,"moyenne"
"137_110_R01",14,0.7,NA,"élevée"
"137_110_R01",14,0.7,NA,"élevée"
"137_110_R01",14,0.7,NA,"élevée"
"137_110_R01",14,0.7,NA,"élevée"
"137_110_R01",14,0.7,NA,"élevée"
"137_110_R01",14,0.7,NA,"élevée"
"137_110_R01",14,0.7,NA,"élevée"
"137_110_R01",14,0.7,NA,"élevée"
"137_110_R01",14,0.7,NA,"élevée"
"137_110_R01",14,0.7,NA,"élevée"
"137_110_R01",14,0.7,NA,"élevée"
"137_110_R01",14,0.7,NA,"élevée"
"137_110_R01",14,0.7,NA,"élevée"
"137_110_R01",14,0.7,NA,"élevée"
"137_110_R01",14,0.7,NA,"élevée"
"137_110_R01",14,0.7,NA,"élevée"
"137_110_R01",14,0.7,NA,"élevée"
"137_110_R01",14,0.7,NA,"élevée"
"137_110_R01",14,0.7,NA,"élevée"
"137_110_R01",14,0.7,NA,"élevée"
"137_110_R01",14,0.7,NA,"élevée"
"137_110_R01",14,0.7,NA,"élevée"
"137_110_R01",14,0.7,NA,"élevée"
"137_110_R01",14,0.7,NA,"élevée"
"137_110_R01",14,0.7,NA,"élevée"
"137_110_R01",14,0.7,NA,"élevée"
"137_110_R01",14,0.7,NA,"élevée"
"137_110_R01",14,0.7,NA,"élevée"
"137_110_R01",14,0.7,NA,"élevée"
"137_110_R01",14,0.7,NA,"élevée"
"137_110_R01",14,0.7,NA,"élevée"
"137_110_R01",14,0.7,NA,"élevée"
"137_110_R01",14,0.7,NA,"élevée"
"137_110_R01",14,0.7,NA,"élevée"
"137_111_R01",4,0.4,NA,"élevée"
"137_111_R01",4,0.4,NA,"élevée"
"137_111_R01",4,0.4,NA,"élevée"
"137_111_R01",4,0.4,NA,"élevée"
"137_111_R01",4,0.4,NA,"élevée"
"137_111_R01",4,0.4,NA,"élevée"
"137_111_R01",4,0.4,NA,"élevée"
"137_111_R01",4,0.4,NA,"élevée"
"137_111_R01",4,0.4,NA,"élevée"
"137_111_R01",4,0.4,NA,"élevée"
"137_111_R01",4,0.4,NA,"élevée"
"137_111_R01",4,0.4,NA,"élevée"
"137_111_R01",4,0.4,NA,"élevée"
"137_111_R01",4,0.4,NA,"élevée"
"137_111_R01",4,0.4,NA,"élevée"
"137_111_R01",4,0.4,NA,"élevée"
"137_111_R01",4,0.4,NA,"élevée"
"137_111_R01",4,0.4,NA,"élevée"
"137_111_R01",4,0.4,NA,"élevée"
"137_111_R01",4,0.4,NA,"élevée"
"137_111_R01",4,0.4,NA,"élevée"
"137_111_R01",4,0.4,NA,"élevée"
"137_111_R01",4,0.4,NA,"élevée"
"137_111_R01",4,0.4,NA,"élevée"
"137_111_R01",4,0.4,NA,"élevée"
"137_144_R01",15,0.4,NA,"faible"
"137_144_R01",15,0.4,NA,"faible"
"137_144_R01",15,0.4,NA,"faible"
"137_144_R01",15,0.4,NA,"faible"
"137_144_R01",15,0.4,NA,"faible"
"137_144_R01",15,0.4,NA,"faible"
"137_144_R01",15,0.4,NA,"faible"
"137_144_R01",15,0.4,NA,"faible"
"137_144_R01",15,0.4,NA,"faible"
"137_144_R01",15,0.4,NA,"faible"
"137_144_R01",15,0.4,NA,"faible"
"137_144_R01",15,0.4,NA,"faible"
"137_144_R01",15,0.4,NA,"faible"
"137_144_R01",15,0.4,NA,"faible"
"137_144_R01",15,0.4,NA,"faible"
"137_144_R01",15,0.4,NA,"faible"
"137_144_R01",15,0.4,NA,"faible"
"137_144_R01",15,0.4,NA,"faible"
"137_144_R01",15,0.4,NA,"faible"
"138_105_R01",3,0.3,NA,"moyenne"
"138_105_R01",3,0.3,NA,"moyenne"
"138_105_R01",3,0.3,NA,"moyenne"
"138_105_R01",3,0.3,NA,"moyenne"
"138_105_R01",3,0.3,NA,"moyenne"
"138_105_R01",3,0.3,NA,"moyenne"
"138_105_R01",3,0.3,NA,"moyenne"
"138_105_R01",3,0.3,NA,"moyenne"
"138_105_R01",3,0.3,NA,"moyenne"
"138_105_R01",3,0.3,NA,"moyenne"
"138_105_R01",3,0.3,NA,"moyenne"
"138_105_R01",3,0.3,NA,"moyenne"
"138_105_R01",3,0.3,NA,"moyenne"
"138_105_R01",3,0.3,NA,"moyenne"
"138_105_R01",3,0.3,NA,"moyenne"
"138_105_R01",3,0.3,NA,"moyenne"
"138_105_R01",3,0.3,NA,"moyenne"
"138_105_R01",3,0.3,NA,"moyenne"
"138_105_R01",3,0.3,NA,"moyenne"
"138_105_R01",3,0.3,NA,"moyenne"
"138_105_R01",3,0.3,NA,"moyenne"
"138_105_R01",3,0.3,NA,"moyenne"
"138_105_R01",3,0.3,NA,"moyenne"
"138_105_R01",3,0.3,NA,"moyenne"
"138_105_R01",3,0.3,NA,"moyenne"
"138_105_R01",3,0.3,NA,"moyenne"
"138_105_R01",3,0.3,NA,"moyenne"
"138_105_R01",3,0.3,NA,"moyenne"
"138_105_R01",3,0.3,NA,"moyenne"
"138_105_R01",3,0.3,NA,"moyenne"
"138_105_R01",3,0.3,NA,"moyenne"
"138_105_R01",3,0.3,NA,"moyenne"
"138_105_R01",3,0.3,NA,"moyenne"
"139_103_R01",10,0.4,NA,"moyenne"
"139_103_R01",10,0.4,NA,"moyenne"
"139_103_R01",10,0.4,NA,"moyenne"
"139_103_R01",10,0.4,NA,"moyenne"
"139_103_R01",10,0.4,NA,"moyenne"
"139_103_R01",10,0.4,NA,"moyenne"
"139_103_R01",10,0.4,NA,"moyenne"
"139_103_R01",10,0.4,NA,"moyenne"
"139_103_R01",10,0.4,NA,"moyenne"
"139_103_R01",10,0.4,NA,"moyenne"
"139_103_R01",10,0.4,NA,"moyenne"
"139_103_R01",10,0.4,NA,"moyenne"
"139_103_R01",10,0.4,NA,"moyenne"
"139_103_R01",10,0.4,NA,"moyenne"
"139_103_R01",10,0.4,NA,"moyenne"
"139_103_R01",10,0.4,NA,"moyenne"
"139_103_R01",10,0.4,NA,"moyenne"
"139_103_R01",10,0.4,NA,"moyenne"
"139_103_R01",10,0.4,NA,"moyenne"
"139_103_R01",10,0.4,NA,"moyenne"
"139_103_R01",10,0.4,NA,"moyenne"
"139_103_R01",10,0.4,NA,"moyenne"
"139_103_R01",10,0.4,NA,"moyenne"
"139_103_R01",10,0.4,NA,"moyenne"
"139_103_R01",10,0.4,NA,"moyenne"
"139_103_R01",10,0.4,NA,"moyenne"
"139_103_R01",10,0.4,NA,"moyenne"
"139_103_R01",10,0.4,NA,"moyenne"
"139_103_R01",10,0.4,NA,"moyenne"
"139_103_R01",10,0.4,NA,"moyenne"
"139_103_R01",10,0.4,NA,"moyenne"
"139_103_R01",10,0.4,NA,"moyenne"
"139_103_R01",10,0.4,NA,"moyenne"
"139_103_R01",10,0.4,NA,"moyenne"
"139_103_R01",10,0.4,NA,"moyenne"
"139_103_R01",10,0.4,NA,"moyenne"
"139_103_R01",10,0.4,NA,"moyenne"
"139_103_R02",10,0.4,0.3066,"élevée"
"139_103_R02",10,0.4,0.3066,"élevée"
"139_103_R02",10,0.4,0.3066,"élevée"
"139_103_R02",10,0.4,0.3066,"élevée"
"139_103_R02",10,0.4,0.3066,"élevée"
"139_103_R02",10,0.4,0.3066,"élevée"
"139_103_R02",10,0.4,0.3066,"élevée"
"139_103_R02",10,0.4,0.3066,"élevée"
"139_103_R02",10,0.4,0.3066,"élevée"
"139_103_R02",10,0.4,0.3066,"élevée"
"139_103_R02",10,0.4,0.3066,"élevée"
"139_103_R02",10,0.4,0.3066,"élevée"
"139_103_R02",10,0.4,0.3066,"élevée"
"139_103_R02",10,0.4,0.3066,"élevée"
"139_103_R02",10,0.4,0.3066,"élevée"
"139_103_R02",10,0.4,0.3066,"élevée"
"139_103_R02",10,0.4,0.3066,"élevée"
"139_103_R02",10,0.4,0.3066,"élevée"
"139_103_R02",10,0.4,0.3066,"élevée"
"139_103_R02",10,0.4,0.3066,"élevée"
"139_103_R02",10,0.4,0.3066,"élevée"
"139_103_R02",10,0.4,0.3066,"élevée"
"139_103_R02",10,0.4,0.3066,"élevée"
"139_103_R02",10,0.4,0.3066,"élevée"
"139_103_R02",10,0.4,0.3066,"élevée"
"139_103_R02",10,0.4,0.3066,"élevée"
"139_103_R02",10,0.4,0.3066,"élevée"
"139_103_R02",10,0.4,0.3066,"élevée"
"139_103_R02",10,0.4,0.3066,"élevée"
"139_103_R02",10,0.4,0.3066,"élevée"
"139_103_R02",10,0.4,0.3066,"élevée"
"139_103_R02",10,0.4,0.3066,"élevée"
"139_103_R02",11,0.3,0.284,"élevée"
"139_103_R02",11,0.3,0.284,"élevée"
"139_103_R02",11,0.3,0.284,"élevée"
"139_103_R02",11,0.3,0.284,"élevée"
"139_103_R02",11,0.3,0.284,"élevée"
"139_103_R02",11,0.3,0.284,"élevée"
"139_103_R02",11,0.3,0.284,"élevée"
"139_103_R02",11,0.3,0.284,"élevée"
"139_103_R02",11,0.3,0.284,"élevée"
"139_103_R02",11,0.3,0.284,"élevée"
"139_103_R02",11,0.3,0.284,"élevée"
"139_103_R02",11,0.3,0.284,"élevée"
"139_103_R02",11,0.3,0.284,"élevée"
"139_103_R02",11,0.3,0.284,"élevée"
"139_103_R02",11,0.3,0.284,"élevée"
"139_103_R02",11,0.3,0.284,"élevée"
"139_103_R02",11,0.3,0.284,"élevée"
"139_103_R02",11,0.3,0.284,"élevée"
"139_103_R02",11,0.3,0.284,"élevée"
"139_103_R02",11,0.3,0.284,"élevée"
"139_103_R02",11,0.3,0.284,"élevée"
"139_103_R02",11,0.3,0.284,"élevée"
"139_103_R02",11,0.3,0.284,"élevée"
"139_103_R02",11,0.3,0.284,"élevée"
"139_103_R02",11,0.3,0.284,"élevée"
"139_103_R02",11,0.3,0.284,"élevée"
"139_103_R02",11,0.3,0.284,"élevée"
"139_103_R02",11,0.3,0.284,"élevée"
"139_103_R02",11,0.3,0.284,"élevée"
"139_103_R02",11,0.3,0.284,"élevée"
"139_103_R02",11,0.3,0.284,"élevée"
"139_103_R02",11,0.3,0.284,"élevée"
"139_103_R02",11,0.3,0.284,"élevée"
"139_103_R02",11,0.3,0.284,"élevée"
"139_103_R02",10,0.35,0.4492,"élevée"
"139_103_R02",10,0.35,0.4492,"élevée"
"139_103_R02",10,0.35,0.4492,"élevée"
"139_103_R02",10,0.35,0.4492,"élevée"
"139_103_R02",10,0.35,0.4492,"élevée"
"139_103_R02",10,0.35,0.4492,"élevée"
"139_103_R02",10,0.35,0.4492,"élevée"
"139_103_R02",10,0.35,0.4492,"élevée"
"139_103_R02",10,0.35,0.4492,"élevée"
"139_103_R02",10,0.35,0.4492,"élevée"
"139_103_R02",10,0.35,0.4492,"élevée"
"139_103_R02",10,0.35,0.4492,"élevée"
"139_103_R02",10,0.35,0.4492,"élevée"
"139_103_R02",10,0.35,0.4492,"élevée"
"139_103_R02",10,0.35,0.4492,"élevée"
"139_103_R02",10,0.35,0.4492,"élevée"
"139_103_R02",10,0.35,0.4492,"élevée"
"139_103_R02",10,0.35,0.4492,"élevée"
"139_103_R02",10,0.35,0.4492,"élevée"
"139_103_R02",10,0.35,0.4492,"élevée"
"139_103_R02",10,0.35,0.4492,"élevée"
"139_103_R02",10,0.35,0.4492,"élevée"
"139_103_R02",10,0.35,0.4492,"élevée"
"139_103_R02",10,0.35,0.4492,"élevée"
"139_103_R02",10,0.35,0.4492,"élevée"
"139_103_R02",10,0.35,0.4492,"élevée"
"139_103_R02",10,0.35,0.4492,"élevée"
"139_103_R02",10,0.35,0.4492,"élevée"
"139_103_R02",10,0.35,0.4492,"élevée"
"139_103_R02",10,0.35,0.4492,"élevée"
"139_103_R02",10,0.35,0.4492,"élevée"
"139_103_R02",10,0.35,0.4492,"élevée"
"139_103_R02",10,0.35,0.4492,"élevée"
"139_103_R02",10,0.35,0.4492,"élevée"
"139_103_R02",10,0.35,0.4492,"élevée"
"139_103_R02",10,0.35,0.4492,"élevée"
"139_103_R02",10,0.35,0.4492,"élevée"
"139_103_R02",8,0.25,0.2898,"élevée"
"139_103_R02",8,0.25,0.2898,"élevée"
"139_103_R02",8,0.25,0.2898,"élevée"
"139_103_R02",8,0.25,0.2898,"élevée"
"139_103_R02",8,0.25,0.2898,"élevée"
"139_103_R02",8,0.25,0.2898,"élevée"
"139_103_R02",8,0.25,0.2898,"élevée"
"139_103_R02",8,0.25,0.2898,"élevée"
"139_103_R02",8,0.25,0.2898,"élevée"
"139_103_R02",8,0.25,0.2898,"élevée"
"139_103_R02",8,0.25,0.2898,"élevée"
"139_103_R02",8,0.25,0.2898,"élevée"
"139_103_R02",8,0.25,0.2898,"élevée"
"139_103_R02",8,0.25,0.2898,"élevée"
"139_103_R02",8,0.25,0.2898,"élevée"
"139_103_R02",8,0.25,0.2898,"élevée"
"139_103_R02",8,0.25,0.2898,"élevée"
"139_103_R02",8,0.25,0.2898,"élevée"
"139_103_R02",8,0.25,0.2898,"élevée"
"139_103_R02",8,0.25,0.2898,"élevée"
"139_103_R02",8,0.25,0.2898,"élevée"
"139_103_R02",8,0.25,0.2898,"élevée"
"139_103_R02",8,0.25,0.2898,"élevée"
"139_103_R02",8,0.25,0.2898,"élevée"
"139_103_R02",8,0.25,0.2898,"élevée"
"139_103_R02",8,0.25,0.2898,"élevée"
"139_103_R02",8,0.25,0.2898,"élevée"
"139_103_R02",8,0.25,0.2898,"élevée"
"139_103_R02",8,0.25,0.2898,"élevée"
"139_103_R02",8,0.25,0.2898,"élevée"
"139_103_R02",8,0.25,0.2898,"élevée"
"139_103_R02",8,0.25,0.2898,"élevée"
"139_103_R02",8,0.25,0.2898,"élevée"
"139_103_R02",8,0.25,0.2898,"élevée"
"139_103_R02",8,0.25,0.2898,"élevée"
"139_103_R02",8,0.25,0.2898,"élevée"
"139_103_R02",8,0.25,0.2898,"élevée"
"139_103_R02",12,0.5,0.4942,"élevée"
"139_103_R02",12,0.5,0.4942,"élevée"
"139_103_R02",12,0.5,0.4942,"élevée"
"139_103_R02",12,0.5,0.4942,"élevée"
"139_103_R02",12,0.5,0.4942,"élevée"
"139_103_R02",12,0.5,0.4942,"élevée"
"139_103_R02",12,0.5,0.4942,"élevée"
"139_103_R02",12,0.5,0.4942,"élevée"
"139_103_R02",12,0.5,0.4942,"élevée"
"139_103_R02",12,0.5,0.4942,"élevée"
"139_103_R02",12,0.5,0.4942,"élevée"
"139_103_R02",12,0.5,0.4942,"élevée"
"139_103_R02",12,0.5,0.4942,"élevée"
"139_103_R02",12,0.5,0.4942,"élevée"
"139_103_R02",12,0.5,0.4942,"élevée"
"139_103_R02",12,0.5,0.4942,"élevée"
"139_103_R02",12,0.5,0.4942,"élevée"
"139_103_R02",12,0.5,0.4942,"élevée"
"139_103_R02",12,0.5,0.4942,"élevée"
"139_103_R02",12,0.5,0.4942,"élevée"
"139_103_R02",12,0.5,0.4942,"élevée"
"139_103_R02",12,0.5,0.4942,"élevée"
"139_103_R02",12,0.5,0.4942,"élevée"
"139_103_R02",12,0.5,0.4942,"élevée"
"139_103_R02",12,0.5,0.4942,"élevée"
"139_103_R02",12,0.5,0.4942,"élevée"
"139_103_R02",12,0.5,0.4942,"élevée"
"139_103_R02",12,0.5,0.4942,"élevée"
"139_103_R02",12,0.5,0.4942,"élevée"
"139_103_R02",12,0.5,0.4942,"élevée"
"139_103_R02",12,0.5,0.4942,"élevée"
"139_103_R02",12,0.5,0.4942,"élevée"
"139_103_R02",12,0.5,0.4942,"élevée"
"139_103_R02",12,0.5,0.4942,"élevée"
"139_103_R02",12,0.5,0.4942,"élevée"
"139_103_R02",12,0.5,0.4942,"élevée"
"139_103_R02",12,0.5,0.4942,"élevée"
"139_103_R02",12,0.5,0.4942,"élevée"
"139_103_R02",7,0.25,0.1862,"élevée"
"139_103_R02",7,0.25,0.1862,"élevée"
"139_103_R02",7,0.25,0.1862,"élevée"
"139_103_R02",7,0.25,0.1862,"élevée"
"139_103_R02",7,0.25,0.1862,"élevée"
"139_103_R02",7,0.25,0.1862,"élevée"
"139_103_R02",7,0.25,0.1862,"élevée"
"139_103_R02",7,0.25,0.1862,"élevée"
"139_103_R02",7,0.25,0.1862,"élevée"
"139_103_R02",7,0.25,0.1862,"élevée"
"139_103_R02",7,0.25,0.1862,"élevée"
"139_103_R02",7,0.25,0.1862,"élevée"
"139_103_R02",7,0.25,0.1862,"élevée"
"139_103_R02",7,0.25,0.1862,"élevée"
"139_103_R02",7,0.25,0.1862,"élevée"
"139_103_R02",7,0.25,0.1862,"élevée"
"139_103_R02",7,0.25,0.1862,"élevée"
"139_103_R02",7,0.25,0.1862,"élevée"
"139_103_R02",7,0.25,0.1862,"élevée"
"139_103_R02",7,0.25,0.1862,"élevée"
"139_103_R02",7,0.25,0.1862,"élevée"
"139_103_R02",7,0.25,0.1862,"élevée"
"139_103_R02",7,0.25,0.1862,"élevée"
"139_103_R02",7,0.25,0.1862,"élevée"
"139_103_R02",7,0.25,0.1862,"élevée"
"139_103_R02",7,0.25,0.1862,"élevée"
"139_103_R02",7,0.25,0.1862,"élevée"
"139_103_R02",7,0.25,0.1862,"élevée"
"139_103_R02",7,0.25,0.1862,"élevée"
"139_103_R02",7,0.25,0.1862,"élevée"
"139_103_R02",7,0.25,0.1862,"élevée"
"139_103_R02",7,0.25,0.1862,"élevée"
"139_103_R02",7,0.25,0.1862,"élevée"
"139_103_R02",7,0.25,0.1862,"élevée"
"139_103_R02",7,0.25,0.1862,"élevée"
"139_103_R02",7,0.25,0.1862,"élevée"
"139_103_R02",7,0.25,0.1862,"élevée"
"139_103_R02",7,0.25,0.1862,"élevée"
"139_111_R01",11,0.5,NA,"élevée"
"139_111_R01",11,0.5,NA,"élevée"
"139_111_R01",11,0.5,NA,"élevée"
"139_111_R01",11,0.5,NA,"élevée"
"139_111_R01",11,0.5,NA,"élevée"
"139_111_R01",11,0.5,NA,"élevée"
"139_111_R01",11,0.5,NA,"élevée"
"139_111_R01",11,0.5,NA,"élevée"
"139_111_R01",11,0.5,NA,"élevée"
"139_111_R01",11,0.5,NA,"élevée"
"139_111_R01",11,0.5,NA,"élevée"
"139_111_R01",11,0.5,NA,"élevée"
"139_111_R01",11,0.5,NA,"élevée"
"139_111_R01",11,0.5,NA,"élevée"
"139_111_R01",11,0.5,NA,"élevée"
"139_111_R01",11,0.5,NA,"élevée"
"139_111_R01",11,0.5,NA,"élevée"
"139_111_R01",11,0.5,NA,"élevée"
"139_111_R01",11,0.5,NA,"élevée"
"139_111_R01",11,0.5,NA,"élevée"
"139_111_R01",11,0.5,NA,"élevée"
"139_111_R01",11,0.5,NA,"élevée"
"139_111_R01",11,0.5,NA,"élevée"
"139_111_R01",11,0.5,NA,"élevée"
"139_111_R01",11,0.5,NA,"élevée"
"139_111_R01",11,0.5,NA,"élevée"
"139_111_R01",11,0.5,NA,"élevée"
"139_111_R01",11,0.5,NA,"élevée"
"139_111_R01",11,0.5,NA,"élevée"
"139_111_R01",11,0.5,NA,"élevée"
"139_111_R01",11,0.5,NA,"élevée"
"139_111_R01",11,0.5,NA,"élevée"
"139_111_R01",11,0.5,NA,"élevée"
"139_111_R01",11,0.5,NA,"élevée"
"139_111_R01",11,0.5,NA,"élevée"
"139_111_R01",11,0.5,NA,"élevée"
"139_111_R01",11,0.5,NA,"élevée"
"141_108_R01",14,0.3,0.34,"élevée"
"141_108_R01",14,0.3,0.34,"élevée"
"141_108_R01",14,0.3,0.34,"élevée"
"141_108_R01",14,0.3,0.34,"élevée"
"141_108_R01",14,0.3,0.34,"élevée"
"141_108_R01",14,0.3,0.34,"élevée"
"141_108_R01",14,0.3,0.34,"élevée"
"141_108_R01",14,0.3,0.34,"élevée"
"141_108_R01",14,0.3,0.34,"élevée"
"141_108_R01",14,0.3,0.34,"élevée"
"141_108_R01",14,0.3,0.34,"élevée"
"141_108_R01",14,0.3,0.34,"élevée"
"141_108_R01",14,0.3,0.34,"élevée"
"141_108_R01",14,0.3,0.34,"élevée"
"141_108_R01",14,0.3,0.34,"élevée"
"141_108_R01",14,0.3,0.34,"élevée"
"141_108_R01",14,0.3,0.34,"élevée"
"141_108_R01",14,0.3,0.34,"élevée"
"141_108_R01",14,0.3,0.34,"élevée"
"141_108_R01",14,0.3,0.34,"élevée"
"141_108_R01",14,0.3,0.34,"élevée"
"141_108_R01",14,0.3,0.34,"élevée"
"141_108_R01",14,0.3,0.34,"élevée"
"141_108_R01",14,0.3,0.34,"élevée"
"141_108_R01",14,0.3,0.34,"élevée"
"141_108_R01",14,0.3,0.34,"élevée"
"141_108_R01",14,0.3,0.34,"élevée"
"141_108_R01",8,0.15,0.293,"élevée"
"141_108_R01",8,0.15,0.293,"élevée"
"141_108_R01",8,0.15,0.293,"élevée"
"141_108_R01",8,0.15,0.293,"élevée"
"141_108_R01",8,0.15,0.293,"élevée"
"141_108_R01",8,0.15,0.293,"élevée"
"141_108_R01",8,0.15,0.293,"élevée"
"141_108_R01",8,0.15,0.293,"élevée"
"141_108_R01",8,0.15,0.293,"élevée"
"141_108_R01",8,0.15,0.293,"élevée"
"141_108_R01",8,0.15,0.293,"élevée"
"141_108_R01",8,0.15,0.293,"élevée"
"141_108_R01",8,0.15,0.293,"élevée"
"141_108_R01",8,0.15,0.293,"élevée"
"141_108_R01",8,0.15,0.293,"élevée"
"141_108_R01",8,0.15,0.293,"élevée"
"141_108_R01",8,0.15,0.293,"élevée"
"141_108_R01",8,0.15,0.293,"élevée"
"141_108_R01",8,0.15,0.293,"élevée"
"141_108_R01",8,0.15,0.293,"élevée"
"141_108_R01",8,0.15,0.293,"élevée"
"141_108_R01",8,0.15,0.293,"élevée"
"141_108_R01",8,0.15,0.293,"élevée"
"141_108_R01",8,0.15,0.293,"élevée"
"141_108_R01",8,0.15,0.293,"élevée"
"141_108_R01",8,0.15,0.293,"élevée"
"141_108_R01",8,0.15,0.293,"élevée"
"141_108_R01",8,0.15,0.293,"élevée"
"141_108_R01",8,0.2,0.3778,"moyenne"
"141_108_R01",8,0.2,0.3778,"moyenne"
"141_108_R01",8,0.2,0.3778,"moyenne"
"141_108_R01",8,0.2,0.3778,"moyenne"
"141_108_R01",8,0.2,0.3778,"moyenne"
"141_108_R01",8,0.2,0.3778,"moyenne"
"141_108_R01",8,0.2,0.3778,"moyenne"
"141_108_R01",8,0.2,0.3778,"moyenne"
"141_108_R01",8,0.2,0.3778,"moyenne"
"141_108_R01",8,0.2,0.3778,"moyenne"
"141_108_R01",8,0.2,0.3778,"moyenne"
"141_108_R01",8,0.2,0.3778,"moyenne"
"141_108_R01",8,0.2,0.3778,"moyenne"
"141_108_R01",8,0.2,0.3778,"moyenne"
"141_108_R01",8,0.2,0.3778,"moyenne"
"141_108_R01",8,0.2,0.3778,"moyenne"
"141_108_R01",8,0.2,0.3778,"moyenne"
"141_108_R01",8,0.2,0.3778,"moyenne"
"141_108_R01",8,0.2,0.3778,"moyenne"
"141_108_R01",8,0.2,0.3778,"moyenne"
"141_108_R01",8,0.2,0.3778,"moyenne"
"141_108_R01",8,0.2,0.3778,"moyenne"
"141_108_R01",8,0.2,0.3778,"moyenne"
"141_108_R01",8,0.2,0.3778,"moyenne"
"141_108_R01",8,0.2,0.3778,"moyenne"
"141_108_R01",8,0.2,0.3778,"moyenne"
"141_108_R01",8,0.2,0.3778,"moyenne"
"141_108_R01",8,0.2,0.3778,"moyenne"
"141_108_R01",8,0.2,0.3778,"moyenne"
"141_108_R01",8,0.2,0.3778,"moyenne"
"141_108_R01",8,0.2,0.3778,"moyenne"
"141_108_R01",8,0.15,0.3228,"moyenne"
"141_108_R01",8,0.15,0.3228,"moyenne"
"141_108_R01",8,0.15,0.3228,"moyenne"
"141_108_R01",8,0.15,0.3228,"moyenne"
"141_108_R01",8,0.15,0.3228,"moyenne"
"141_108_R01",8,0.15,0.3228,"moyenne"
"141_108_R01",8,0.15,0.3228,"moyenne"
"141_108_R01",8,0.15,0.3228,"moyenne"
"141_108_R01",8,0.15,0.3228,"moyenne"
"141_108_R01",8,0.15,0.3228,"moyenne"
"141_108_R01",8,0.15,0.3228,"moyenne"
"141_108_R01",8,0.15,0.3228,"moyenne"
"141_108_R01",8,0.15,0.3228,"moyenne"
"141_108_R01",8,0.15,0.3228,"moyenne"
"141_108_R01",8,0.15,0.3228,"moyenne"
"141_108_R01",8,0.15,0.3228,"moyenne"
"141_108_R01",8,0.15,0.3228,"moyenne"
"141_108_R01",8,0.15,0.3228,"moyenne"
"141_108_R01",8,0.15,0.3228,"moyenne"
"141_108_R01",8,0.15,0.3228,"moyenne"
"141_108_R01",8,0.15,0.3228,"moyenne"
"141_108_R01",8,0.15,0.3228,"moyenne"
"141_108_R01",8,0.15,0.3228,"moyenne"
"141_108_R01",8,0.15,0.3228,"moyenne"
"141_108_R01",8,0.15,0.3228,"moyenne"
"141_108_R01",8,0.15,0.3228,"moyenne"
"141_108_R01",8,0.15,0.3228,"moyenne"
"141_108_R01",8,0.15,0.3228,"moyenne"
"141_108_R01",8,0.15,0.3228,"moyenne"
"141_108_R01",8,0.15,0.3228,"moyenne"
"141_108_R01",8,0.15,0.3228,"moyenne"
"141_108_R01",10,0.3,0.4786,"moyenne"
"141_108_R01",10,0.3,0.4786,"moyenne"
"141_108_R01",10,0.3,0.4786,"moyenne"
"141_108_R01",10,0.3,0.4786,"moyenne"
"141_108_R01",10,0.3,0.4786,"moyenne"
"141_108_R01",10,0.3,0.4786,"moyenne"
"141_108_R01",10,0.3,0.4786,"moyenne"
"141_108_R01",10,0.3,0.4786,"moyenne"
"141_108_R01",10,0.3,0.4786,"moyenne"
"141_108_R01",10,0.3,0.4786,"moyenne"
"141_108_R01",10,0.3,0.4786,"moyenne"
"141_108_R01",10,0.3,0.4786,"moyenne"
"141_108_R01",10,0.3,0.4786,"moyenne"
"141_108_R01",10,0.3,0.4786,"moyenne"
"141_108_R01",10,0.3,0.4786,"moyenne"
"141_108_R01",10,0.3,0.4786,"moyenne"
"141_108_R01",10,0.3,0.4786,"moyenne"
"141_108_R01",10,0.3,0.4786,"moyenne"
"141_108_R01",10,0.3,0.4786,"moyenne"
"141_108_R01",10,0.3,0.4786,"moyenne"
"141_108_R01",10,0.3,0.4786,"moyenne"
"141_108_R01",10,0.3,0.4786,"moyenne"
"141_108_R01",10,0.3,0.4786,"moyenne"
"141_108_R01",10,0.3,0.4786,"moyenne"
"141_108_R01",10,0.3,0.4786,"moyenne"
"141_108_R01",10,0.3,0.4786,"moyenne"
"141_108_R01",10,0.3,0.4786,"moyenne"
"141_108_R01",10,0.3,0.4786,"moyenne"
"141_108_R01",10,0.3,0.4786,"moyenne"
"141_108_R01",10,0.3,0.4786,"moyenne"
"141_108_R01",10,0.3,0.4786,"moyenne"
"141_108_R01",20,0.4,0.597,"élevée"
"141_108_R01",20,0.4,0.597,"élevée"
"141_108_R01",20,0.4,0.597,"élevée"
"141_108_R01",20,0.4,0.597,"élevée"
"141_108_R01",20,0.4,0.597,"élevée"
"141_108_R01",20,0.4,0.597,"élevée"
"141_108_R01",20,0.4,0.597,"élevée"
"141_108_R01",20,0.4,0.597,"élevée"
"141_108_R01",20,0.4,0.597,"élevée"
"141_108_R01",20,0.4,0.597,"élevée"
"141_108_R01",20,0.4,0.597,"élevée"
"141_108_R01",20,0.4,0.597,"élevée"
"141_108_R01",20,0.4,0.597,"élevée"
"141_108_R01",20,0.4,0.597,"élevée"
"141_108_R01",20,0.4,0.597,"élevée"
"141_108_R01",20,0.4,0.597,"élevée"
"141_108_R01",20,0.4,0.597,"élevée"
"141_108_R01",20,0.4,0.597,"élevée"
"141_108_R01",20,0.4,0.597,"élevée"
"141_108_R01",20,0.4,0.597,"élevée"
"141_108_R01",20,0.4,0.597,"élevée"
"141_108_R01",20,0.4,0.597,"élevée"
"141_108_R01",20,0.4,0.597,"élevée"
"141_108_R01",20,0.4,0.597,"élevée"
"141_108_R01",20,0.4,0.597,"élevée"
"141_108_R01",20,0.4,0.597,"élevée"
"141_108_R01",20,0.4,0.597,"élevée"
"141_108_R01",20,0.4,0.597,"élevée"
"141_108_R01",20,0.4,0.597,"élevée"
"141_108_R01",20,0.4,0.597,"élevée"
"141_124_R01",3.8,0.15,NA,"élevée"
"141_124_R01",3.8,0.15,NA,"élevée"
"141_124_R01",3.8,0.15,NA,"élevée"
"141_124_R01",3.8,0.15,NA,"élevée"
"141_124_R01",3.8,0.15,NA,"élevée"
"141_124_R01",3.8,0.15,NA,"élevée"
"141_124_R01",3.8,0.15,NA,"élevée"
"141_124_R01",3.8,0.15,NA,"élevée"
"141_124_R01",3.8,0.15,NA,"élevée"
"141_124_R01",3.8,0.15,NA,"élevée"
"141_124_R01",3.8,0.15,NA,"élevée"
"141_124_R01",3.8,0.15,NA,"élevée"
"141_124_R01",3.8,0.15,NA,"élevée"
"141_124_R01",3.8,0.15,NA,"élevée"
"141_124_R01",3.8,0.15,NA,"élevée"
"141_124_R01",3.8,0.15,NA,"élevée"
"141_124_R01",3.8,0.15,NA,"élevée"
"141_124_R01",3.8,0.15,NA,"élevée"
"141_124_R01",3.8,0.15,NA,"élevée"
"141_124_R01",3.8,0.15,NA,"élevée"
"141_124_R01",3.8,0.15,NA,"élevée"
"141_124_R01",3.8,0.15,NA,"élevée"
"141_124_R01",3.8,0.15,NA,"élevée"
"141_124_R01",3.8,0.15,NA,"élevée"
"141_124_R01",3.8,0.15,NA,"élevée"
"141_124_R01",3.8,0.15,NA,"élevée"
"141_124_R01",3.8,0.15,NA,"élevée"
"141_124_R01",3.8,0.15,NA,"élevée"
"141_124_R01",3.8,0.15,NA,"élevée"
"141_124_R01",3.8,0.15,NA,"élevée"
"141_124_R01",3.8,0.15,NA,"élevée"
"142_111_R01",4,0.2,0.215,"élevée"
"142_111_R01",4,0.2,0.215,"élevée"
"142_111_R01",4,0.2,0.215,"élevée"
"142_111_R01",4,0.2,0.215,"élevée"
"142_111_R01",4,0.2,0.215,"élevée"
"142_111_R01",4,0.2,0.215,"élevée"
"142_111_R01",4,0.2,0.215,"élevée"
"142_111_R01",4,0.2,0.215,"élevée"
"142_111_R01",4,0.2,0.215,"élevée"
"142_111_R01",4,0.2,0.215,"élevée"
"142_111_R01",4,0.2,0.215,"élevée"
"142_111_R01",4,0.2,0.215,"élevée"
"142_111_R01",4,0.2,0.215,"élevée"
"142_111_R01",4,0.2,0.215,"élevée"
"142_111_R01",4,0.2,0.215,"élevée"
"142_111_R01",4,0.2,0.215,"élevée"
"142_111_R01",4,0.2,0.215,"élevée"
"142_111_R01",4,0.2,0.215,"élevée"
"142_111_R01",4,0.2,0.215,"élevée"
"142_111_R01",4,0.2,0.215,"élevée"
"142_111_R01",4,0.2,0.215,"élevée"
"142_111_R01",4,0.2,0.215,"élevée"
"142_111_R01",4,0.2,0.215,"élevée"
"142_111_R01",4,0.2,0.215,"élevée"
"142_111_R01",4,0.2,0.215,"élevée"
"142_111_R01",4,0.2,0.215,"élevée"
"142_111_R01",4,0.2,0.215,"élevée"
"142_111_R01",4,0.2,0.215,"élevée"
"142_111_R01",4,0.2,0.215,"élevée"
"142_111_R01",4,0.2,0.215,"élevée"
"142_111_R01",4,0.2,0.215,"élevée"
"142_111_R01",4,0.2,0.215,"élevée"
"142_111_R01",4,0.2,0.215,"élevée"
"142_111_R01",4,0.2,0.215,"élevée"
"142_111_R01",4,0.2,0.215,"élevée"
"142_120_R01",0.8,0.05,NA,"moyenne"
"142_120_R01",0.8,0.05,NA,"moyenne"
"142_120_R01",0.8,0.05,NA,"moyenne"
"142_120_R01",0.8,0.05,NA,"moyenne"
"142_120_R01",0.8,0.05,NA,"moyenne"
"142_120_R01",0.8,0.05,NA,"moyenne"
"142_120_R01",0.8,0.05,NA,"moyenne"
"142_120_R01",0.8,0.05,NA,"moyenne"
"142_120_R01",0.8,0.05,NA,"moyenne"
"142_120_R01",0.8,0.05,NA,"moyenne"
"142_120_R01",0.8,0.05,NA,"moyenne"
"142_120_R01",0.8,0.05,NA,"moyenne"
"142_120_R01",0.8,0.05,NA,"moyenne"
"142_120_R01",0.8,0.05,NA,"moyenne"
"142_120_R01",0.8,0.05,NA,"moyenne"
"142_120_R01",0.8,0.05,NA,"moyenne"
"142_120_R01",0.8,0.05,NA,"moyenne"
"142_120_R01",0.8,0.05,NA,"moyenne"
"142_120_R01",0.8,0.05,NA,"moyenne"
"142_120_R01",0.8,0.05,NA,"moyenne"
"142_120_R01",0.8,0.05,NA,"moyenne"
"142_120_R01",0.8,0.05,NA,"moyenne"
"142_120_R01",0.8,0.05,NA,"moyenne"
"142_120_R01",0.8,0.05,NA,"moyenne"
"142_120_R01",0.8,0.05,NA,"moyenne"
"142_120_R01",0.8,0.05,NA,"moyenne"
"142_120_R01",0.8,0.05,NA,"moyenne"
"142_120_R01",0.8,0.05,NA,"moyenne"
"142_120_R01",0.8,0.05,NA,"moyenne"
"142_120_R01",0.8,0.05,NA,"moyenne"
"142_120_R01",0.8,0.05,NA,"moyenne"
"142_120_R01",0.8,0.05,NA,"moyenne"
"142_120_R01",0.8,0.05,NA,"moyenne"
"142_120_R01",0.8,0.05,NA,"moyenne"
"142_120_R01",0.8,0.05,NA,"moyenne"
"142_120_R01",0.8,0.05,NA,"moyenne"
"142_120_R01",0.8,0.05,NA,"moyenne"
"142_120_R01",0.8,0.05,NA,"moyenne"
"142_120_R01",0.8,0.05,NA,"moyenne"
"142_91_R01",12,0.3,0.5066,"élevée"
"142_91_R01",12,0.3,0.5066,"élevée"
"142_91_R01",12,0.3,0.5066,"élevée"
"142_91_R01",12,0.3,0.5066,"élevée"
"142_91_R01",12,0.3,0.5066,"élevée"
"142_91_R01",12,0.3,0.5066,"élevée"
"142_91_R01",12,0.3,0.5066,"élevée"
"142_91_R01",12,0.3,0.5066,"élevée"
"142_91_R01",12,0.3,0.5066,"élevée"
"142_91_R01",12,0.3,0.5066,"élevée"
"142_91_R01",12,0.3,0.5066,"élevée"
"142_91_R01",12,0.3,0.5066,"élevée"
"142_91_R01",12,0.3,0.5066,"élevée"
"142_91_R01",12,0.3,0.5066,"élevée"
"142_91_R01",12,0.3,0.5066,"élevée"
"142_91_R01",12,0.3,0.5066,"élevée"
"142_91_R01",12,0.3,0.5066,"élevée"
"142_91_R01",12,0.3,0.5066,"élevée"
"142_91_R01",12,0.3,0.5066,"élevée"
"142_91_R01",12,0.3,0.5066,"élevée"
"142_91_R01",12,0.3,0.5066,"élevée"
"142_91_R01",12,0.3,0.5066,"élevée"
"142_91_R01",12,0.3,0.5066,"élevée"
"142_91_R01",12,0.3,0.5066,"élevée"
"142_91_R01",12,0.3,0.5066,"élevée"
"142_91_R01",12,0.3,0.5066,"élevée"
"142_91_R01",12,0.3,0.5066,"élevée"
"142_91_R01",12,0.3,0.5066,"élevée"
"142_91_R01",12,0.3,0.5066,"élevée"
"142_91_R01",12,0.3,0.5066,"élevée"
"142_91_R01",12,0.3,0.5066,"élevée"
"142_91_R01",12,0.3,0.5066,"élevée"
"142_91_R01",12,0.3,0.5066,"élevée"
"142_91_R01",12,0.3,0.5066,"élevée"
"142_91_R01",12,0.3,0.5066,"élevée"
"142_91_R01",12,0.3,0.5066,"élevée"
"142_91_R01",12,0.3,0.5066,"élevée"
"142_91_R01",12,0.3,0.5066,"élevée"
"142_91_R01",12,0.3,0.5066,"élevée"
"142_91_R01",12,0.3,0.5066,"élevée"
"142_91_R01",12,0.3,0.5066,"élevée"
"142_91_R01",12,0.3,0.5066,"élevée"
"142_91_R01",12,0.3,0.5066,"élevée"
"142_91_R01",12,0.3,0.5066,"élevée"
"142_91_R01",12,0.3,0.5066,"élevée"
"142_91_R01",12,0.3,0.5066,"élevée"
"142_91_R01",12,0.3,0.5066,"élevée"
"142_91_R01",12,0.3,0.5066,"élevée"
"142_91_R01",12,0.3,0.5066,"élevée"
"142_91_R01",12,0.3,0.5066,"élevée"
"142_91_R01",12,0.3,0.5066,"élevée"
"142_91_R01",20,0.45,NA,"élevée"
"142_91_R01",20,0.45,NA,"élevée"
"142_91_R01",20,0.45,NA,"élevée"
"142_91_R01",20,0.45,NA,"élevée"
"142_91_R01",20,0.45,NA,"élevée"
"142_91_R01",20,0.45,NA,"élevée"
"142_91_R01",20,0.45,NA,"élevée"
"142_91_R01",20,0.45,NA,"élevée"
"142_91_R01",20,0.45,NA,"élevée"
"142_91_R01",20,0.45,NA,"élevée"
"142_91_R01",20,0.45,NA,"élevée"
"142_91_R01",20,0.45,NA,"élevée"
"142_91_R01",20,0.45,NA,"élevée"
"142_91_R01",20,0.45,NA,"élevée"
"142_91_R01",20,0.45,NA,"élevée"
"142_91_R01",20,0.45,NA,"élevée"
"142_91_R01",20,0.45,NA,"élevée"
"142_91_R01",20,0.45,NA,"élevée"
"142_91_R01",20,0.45,NA,"élevée"
"142_91_R01",20,0.45,NA,"élevée"
"142_91_R01",20,0.45,NA,"élevée"
"142_91_R01",20,0.45,NA,"élevée"
"142_91_R01",20,0.45,NA,"élevée"
"142_91_R01",20,0.45,NA,"élevée"
"142_91_R01",20,0.45,NA,"élevée"
"142_91_R01",20,0.45,NA,"élevée"
"142_91_R01",20,0.45,NA,"élevée"
"142_91_R01",20,0.45,NA,"élevée"
"142_91_R01",20,0.45,NA,"élevée"
"142_91_R01",20,0.45,NA,"élevée"
"142_91_R01",20,0.45,NA,"élevée"
"142_91_R01",20,0.45,NA,"élevée"
"142_91_R01",20,0.45,NA,"élevée"
"142_91_R01",20,0.45,NA,"élevée"
"142_91_R01",20,0.45,NA,"élevée"
"142_91_R01",20,0.45,NA,"élevée"
"142_91_R01",20,0.45,NA,"élevée"
"142_91_R01",20,0.45,NA,"élevée"
"142_91_R01",20,0.45,NA,"élevée"
"142_91_R01",20,0.45,NA,"élevée"
"142_91_R01",20,0.45,NA,"élevée"
"142_91_R01",20,0.45,NA,"élevée"
"142_91_R01",20,0.45,NA,"élevée"
"142_91_R01",10,0.25,0.146,"élevée"
"142_91_R01",10,0.25,0.146,"élevée"
"142_91_R01",10,0.25,0.146,"élevée"
"142_91_R01",10,0.25,0.146,"élevée"
"142_91_R01",10,0.25,0.146,"élevée"
"142_91_R01",10,0.25,0.146,"élevée"
"142_91_R01",10,0.25,0.146,"élevée"
"142_91_R01",10,0.25,0.146,"élevée"
"142_91_R01",10,0.25,0.146,"élevée"
"142_91_R01",10,0.25,0.146,"élevée"
"142_91_R01",10,0.25,0.146,"élevée"
"142_91_R01",10,0.25,0.146,"élevée"
"142_91_R01",10,0.25,0.146,"élevée"
"142_91_R01",10,0.25,0.146,"élevée"
"142_91_R01",10,0.25,0.146,"élevée"
"142_91_R01",10,0.25,0.146,"élevée"
"142_91_R01",10,0.25,0.146,"élevée"
"142_91_R01",10,0.25,0.146,"élevée"
"142_91_R01",10,0.25,0.146,"élevée"
"142_91_R01",10,0.25,0.146,"élevée"
"142_91_R01",10,0.25,0.146,"élevée"
"142_91_R01",10,0.25,0.146,"élevée"
"142_91_R01",10,0.25,0.146,"élevée"
"142_91_R01",10,0.25,0.146,"élevée"
"142_91_R01",10,0.25,0.146,"élevée"
"142_91_R01",10,0.25,0.146,"élevée"
"142_91_R01",10,0.25,0.146,"élevée"
"142_91_R01",10,0.25,0.146,"élevée"
"142_91_R01",10,0.25,0.146,"élevée"
"142_91_R01",10,0.25,0.146,"élevée"
"142_91_R01",10,0.25,0.146,"élevée"
"142_91_R01",10,0.25,0.146,"élevée"
"142_91_R01",10,0.25,0.146,"élevée"
"142_91_R01",10,0.25,0.146,"élevée"
"142_91_R01",10,0.25,0.146,"élevée"
"142_91_R01",10,0.25,0.146,"élevée"
"142_91_R01",10,0.25,0.146,"élevée"
"142_91_R01",10,0.25,0.146,"élevée"
"145_102_R01",17,0.2,NA,"élevée"
"145_102_R01",17,0.2,NA,"élevée"
"145_102_R01",17,0.2,NA,"élevée"
"145_102_R01",17,0.2,NA,"élevée"
"145_102_R01",17,0.2,NA,"élevée"
"145_102_R01",17,0.2,NA,"élevée"
"145_102_R01",17,0.2,NA,"élevée"
"145_102_R01",17,0.2,NA,"élevée"
"145_102_R01",17,0.2,NA,"élevée"
"145_102_R01",17,0.2,NA,"élevée"
"145_102_R01",17,0.2,NA,"élevée"
"145_102_R01",17,0.2,NA,"élevée"
"145_102_R01",17,0.2,NA,"élevée"
"145_102_R01",17,0.2,NA,"élevée"
"145_102_R01",17,0.2,NA,"élevée"
"145_102_R01",17,0.2,NA,"élevée"
"145_102_R01",17,0.2,NA,"élevée"
"145_102_R01",17,0.2,NA,"élevée"
"145_102_R01",17,0.2,NA,"élevée"
"145_102_R01",17,0.2,NA,"élevée"
"145_102_R01",17,0.2,NA,"élevée"
"145_102_R01",17,0.2,NA,"élevée"
"145_102_R01",17,0.2,NA,"élevée"
"145_102_R01",17,0.2,NA,"élevée"
"145_102_R01",17,0.2,NA,"élevée"
"145_102_R01",17,0.2,NA,"élevée"
"145_102_R01",17,0.2,NA,"élevée"
"145_102_R01",17,0.2,NA,"élevée"
"145_102_R01",17,0.2,NA,"élevée"
"145_102_R01",17,0.2,NA,"élevée"
"145_102_R01",17,0.2,NA,"élevée"
"145_102_R01",17,0.2,NA,"élevée"
"145_102_R01",17,0.2,NA,"élevée"
"145_102_R01",17,0.2,NA,"élevée"
"145_102_R01",17,0.2,NA,"élevée"
"145_102_R01",17,0.2,NA,"élevée"
"145_102_R01",17,0.2,NA,"élevée"
"145_102_R01",17,0.2,NA,"élevée"
"145_102_R01",17,0.2,NA,"élevée"
"145_102_R01",17,0.2,NA,"élevée"
"145_102_R01",17,0.2,NA,"élevée"
"145_102_R01",17,0.2,NA,"élevée"
"145_102_R01",17,0.2,NA,"élevée"
"145_102_R01",17,0.2,NA,"élevée"
"145_102_R01",17,0.2,NA,"élevée"
"145_138_R01",NA,NA,NA,"élevée"
"145_138_R01",NA,NA,NA,"élevée"
"145_138_R01",NA,NA,NA,"élevée"
"145_138_R01",NA,NA,NA,"élevée"
"145_138_R01",NA,NA,NA,"élevée"
"145_138_R01",NA,NA,NA,"élevée"
"145_138_R01",NA,NA,NA,"élevée"
"145_138_R01",NA,NA,NA,"élevée"
"145_138_R01",NA,NA,NA,"élevée"
"145_138_R01",NA,NA,NA,"élevée"
"145_138_R01",NA,NA,NA,"élevée"
"145_138_R01",NA,NA,NA,"élevée"
"145_138_R01",NA,NA,NA,"élevée"
"145_138_R01",NA,NA,NA,"élevée"
"145_138_R01",NA,NA,NA,"élevée"
"145_138_R01",NA,NA,NA,"élevée"
"145_138_R01",NA,NA,NA,"élevée"
"145_138_R01",NA,NA,NA,"élevée"
"145_138_R01",NA,NA,NA,"élevée"
"145_138_R01",NA,NA,NA,"élevée"
"145_138_R01",NA,NA,NA,"élevée"
"145_138_R01",NA,NA,NA,"élevée"
"145_138_R01",NA,NA,NA,"élevée"
"145_138_R01",NA,NA,NA,"élevée"
"145_138_R01",NA,NA,NA,"élevée"
"145_138_R01",NA,NA,NA,"élevée"
"145_138_R01",NA,NA,NA,"élevée"
"145_138_R01",NA,NA,NA,"élevée"
"145_141_R01",6.65,NA,NA,"élevée"
"145_141_R01",6.65,NA,NA,"élevée"
"145_141_R01",6.65,NA,NA,"élevée"
"145_141_R01",6.65,NA,NA,"élevée"
"145_141_R01",6.65,NA,NA,"élevée"
"145_141_R01",6.65,NA,NA,"élevée"
"145_141_R01",6.65,NA,NA,"élevée"
"145_141_R01",6.65,NA,NA,"élevée"
"145_141_R01",6.65,NA,NA,"élevée"
"145_141_R01",6.65,NA,NA,"élevée"
"145_141_R01",6.65,NA,NA,"élevée"
"145_141_R01",6.65,NA,NA,"élevée"
"145_141_R01",6.65,NA,NA,"élevée"
"145_141_R01",6.65,NA,NA,"élevée"
"145_141_R01",6.65,NA,NA,"élevée"
"145_141_R01",6.65,NA,NA,"élevée"
"145_141_R01",6.65,NA,NA,"élevée"
"145_141_R01",6.65,NA,NA,"élevée"
"145_141_R01",6.65,NA,NA,"élevée"
"145_141_R01",6.65,NA,NA,"élevée"
"145_141_R01",6.65,NA,NA,"élevée"
"146_133_R01",7,0.25,NA,"élevée"
"146_133_R01",7,0.25,NA,"élevée"
"146_133_R01",7,0.25,NA,"élevée"
"146_133_R01",7,0.25,NA,"élevée"
"146_133_R01",7,0.25,NA,"élevée"
"146_133_R01",7,0.25,NA,"élevée"
"146_133_R01",7,0.25,NA,"élevée"
"146_133_R01",7,0.25,NA,"élevée"
"146_133_R01",7,0.25,NA,"élevée"
"146_133_R01",7,0.25,NA,"élevée"
"146_133_R01",7,0.25,NA,"élevée"
"146_133_R01",7,0.25,NA,"élevée"
"146_133_R01",7,0.25,NA,"élevée"
"146_133_R01",7,0.25,NA,"élevée"
"146_133_R01",7,0.25,NA,"élevée"
"146_133_R01",7,0.25,NA,"élevée"
"146_133_R01",7,0.25,NA,"élevée"
"146_133_R01",7,0.25,NA,"élevée"
"146_133_R01",7,0.25,NA,"élevée"
"146_133_R01",7,0.25,NA,"élevée"
"146_133_R01",7,0.25,NA,"élevée"
"146_133_R01",7,0.25,NA,"élevée"
"146_133_R01",7,0.25,NA,"élevée"
"146_133_R01",7,0.25,NA,"élevée"
"146_133_R01",7,0.25,NA,"élevée"
"146_133_R01",7,0.25,NA,"élevée"
"146_133_R01",7,0.25,NA,"élevée"
"146_133_R01",7,0.25,NA,"élevée"
"146_133_R01",7,0.25,NA,"élevée"
"146_133_R01",7,0.25,NA,"élevée"
"146_133_R01",7,0.25,NA,"élevée"
"146_133_R01",7,0.25,NA,"élevée"
"146_133_R01",7,0.25,NA,"élevée"
"146_133_R01",7,0.25,NA,"élevée"
"148_101_R01",11.5,0.5,8.746,"élevée"
"148_101_R01",11.5,0.5,8.746,"élevée"
"148_101_R01",11.5,0.5,8.746,"élevée"
"148_101_R01",11.5,0.5,8.746,"élevée"
"148_101_R01",11.5,0.5,8.746,"élevée"
"148_101_R01",11.5,0.5,8.746,"élevée"
"148_101_R01",11.5,0.5,8.746,"élevée"
"148_101_R01",11.5,0.5,8.746,"élevée"
"148_101_R01",11.5,0.5,8.746,"élevée"
"148_101_R01",11.5,0.5,8.746,"élevée"
"148_101_R01",11.5,0.5,8.746,"élevée"
"148_101_R01",11.5,0.5,8.746,"élevée"
"148_101_R01",11.5,0.5,8.746,"élevée"
"148_101_R01",11.5,0.5,8.746,"élevée"
"148_101_R01",11.5,0.5,8.746,"élevée"
"148_101_R01",11.5,0.5,8.746,"élevée"
"148_101_R01",11.5,0.5,8.746,"élevée"
"148_101_R01",11.5,0.5,8.746,"élevée"
"148_101_R01",11.5,0.5,8.746,"élevée"
"148_101_R01",11.5,0.5,8.746,"élevée"
"148_101_R01",11.5,0.5,8.746,"élevée"
"148_101_R01",11.5,0.5,8.746,"élevée"
"148_101_R01",11.5,0.5,8.746,"élevée"
"148_101_R01",11.5,0.5,8.746,"élevée"
"148_101_R01",11.5,0.5,8.746,"élevée"
"148_101_R01",11.5,0.5,8.746,"élevée"
"148_101_R01",11.5,0.5,8.746,"élevée"
"148_101_R01",11.5,0.5,8.746,"élevée"
"148_101_R01",11.5,0.5,8.746,"élevée"
"148_101_R01",11.5,0.5,8.746,"élevée"
"148_101_R01",11.5,0.5,8.746,"élevée"
"148_101_R01",11.5,0.5,8.746,"élevée"
"148_101_R01",11.5,0.5,8.746,"élevée"
"148_101_R01",11.5,0.5,8.746,"élevée"
"148_101_R01",11.5,0.5,8.746,"élevée"
"148_101_R01",11.5,0.5,8.746,"élevée"
"148_101_R01",11.5,0.5,8.746,"élevée"
"148_101_R01",11.5,0.5,8.746,"élevée"
"148_101_R01",11.5,0.5,8.746,"élevée"
"148_101_R01",11.5,0.5,8.746,"élevée"
"148_101_R01",11.5,0.5,8.746,"élevée"
"148_101_R01",11.5,0.5,8.746,"élevée"
"149_133_R01",6,0.2,NA,"élevée"
"149_133_R01",6,0.2,NA,"élevée"
"149_133_R01",6,0.2,NA,"élevée"
"149_133_R01",6,0.2,NA,"élevée"
"149_133_R01",6,0.2,NA,"élevée"
"149_133_R01",6,0.2,NA,"élevée"
"149_133_R01",6,0.2,NA,"élevée"
"149_133_R01",6,0.2,NA,"élevée"
"149_133_R01",6,0.2,NA,"élevée"
"149_133_R01",6,0.2,NA,"élevée"
"149_133_R01",6,0.2,NA,"élevée"
"149_133_R01",6,0.2,NA,"élevée"
"149_133_R01",6,0.2,NA,"élevée"
"149_133_R01",6,0.2,NA,"élevée"
"149_133_R01",6,0.2,NA,"élevée"
"149_133_R01",6,0.2,NA,"élevée"
"149_133_R01",6,0.2,NA,"élevée"
"149_133_R01",6,0.2,NA,"élevée"
"149_133_R01",6,0.2,NA,"élevée"
"149_133_R01",6,0.2,NA,"élevée"
"149_133_R01",6,0.2,NA,"élevée"
"149_133_R01",6,0.2,NA,"élevée"
"149_142_R01",4.7,0.3,NA,"élevée"
"149_142_R01",4.7,0.3,NA,"élevée"
"149_142_R01",4.7,0.3,NA,"élevée"
"149_142_R01",4.7,0.3,NA,"élevée"
"149_142_R01",4.7,0.3,NA,"élevée"
"149_142_R01",4.7,0.3,NA,"élevée"
"149_142_R01",4.7,0.3,NA,"élevée"
"149_142_R01",4.7,0.3,NA,"élevée"
"149_142_R01",4.7,0.3,NA,"élevée"
"149_142_R01",4.7,0.3,NA,"élevée"
"149_142_R01",4.7,0.3,NA,"élevée"
"149_142_R01",4.7,0.3,NA,"élevée"
"149_142_R01",4.7,0.3,NA,"élevée"
"149_142_R01",4.7,0.3,NA,"élevée"
"149_142_R01",4.7,0.3,NA,"élevée"
"149_142_R01",4.7,0.3,NA,"élevée"
"149_142_R01",4.7,0.3,NA,"élevée"
"149_142_R01",4.7,0.3,NA,"élevée"
"149_142_R01",4.7,0.3,NA,"élevée"
"149_142_R01",4.7,0.3,NA,"élevée"
"149_142_R01",4.7,0.3,NA,"élevée"
"149_142_R01",4.7,0.3,NA,"élevée"
"149_142_R01",4.7,0.3,NA,"élevée"
"154_138_R01",80,30,NA,"élevée"
"154_138_R01",80,30,NA,"élevée"
"154_138_R01",80,30,NA,"élevée"
"154_138_R01",80,30,NA,"élevée"
"154_138_R01",80,30,NA,"élevée"
"154_138_R01",80,30,NA,"élevée"
"154_138_R01",80,30,NA,"élevée"
"154_138_R01",80,30,NA,"élevée"
"154_138_R01",80,30,NA,"élevée"
"154_138_R01",80,30,NA,"élevée"
"154_138_R01",80,30,NA,"élevée"
"154_138_R01",80,30,NA,"élevée"
"154_138_R01",80,30,NA,"élevée"
"154_138_R01",80,30,NA,"élevée"
"154_138_R01",80,30,NA,"élevée"
"154_138_R01",80,30,NA,"élevée"
"154_138_R01",80,30,NA,"élevée"
"154_138_R01",80,30,NA,"élevée"
"154_138_R01",80,30,NA,"élevée"
"154_138_R01",80,30,NA,"élevée"
"154_138_R01",80,30,NA,"élevée"
"154_138_R01",80,30,NA,"élevée"
"154_138_R01",80,30,NA,"élevée"
"154_138_R01",80,30,NA,"élevée"
"154_138_R01",80,30,NA,"élevée"
"154_138_R01",80,30,NA,"élevée"
"154_138_R01",80,30,NA,"élevée"
"154_138_R01",80,30,NA,"élevée"
"86_180_R01",4,0.2,NA,"élevée"
"86_180_R01",4,0.2,NA,"élevée"
"86_180_R01",4,0.2,NA,"élevée"
"86_180_R01",4,0.2,NA,"élevée"
"86_180_R01",4,0.2,NA,"élevée"
"86_180_R01",4,0.2,NA,"élevée"
"86_180_R01",4,0.2,NA,"élevée"
"86_180_R01",4,0.2,NA,"élevée"
"86_180_R01",4,0.2,NA,"élevée"
"86_180_R01",4,0.2,NA,"élevée"
"86_180_R01",4,0.2,NA,"élevée"
"86_180_R01",4,0.2,NA,"élevée"
"86_180_R01",4,0.2,NA,"élevée"
"86_180_R01",4,0.2,NA,"élevée"
"86_180_R01",4,0.2,NA,"élevée"
"86_180_R01",4,0.2,NA,"élevée"
"86_180_R01",4,0.2,NA,"élevée"
"86_180_R01",4,0.2,NA,"élevée"
"86_180_R01",4,0.2,NA,"élevée"
"86_180_R01",4,0.2,NA,"élevée"
"86_180_R01",4,0.2,NA,"élevée"
"99_88_R01",2.5,0.2,NA,"faible"
"99_88_R01",2.5,0.2,NA,"faible"
"99_88_R01",2.5,0.2,NA,"faible"
"99_88_R01",2.5,0.2,NA,"faible"
"99_88_R01",2.5,0.2,NA,"faible"
"99_88_R01",2.5,0.2,NA,"faible"
"99_88_R01",2.5,0.2,NA,"faible"
"99_88_R01",2.5,0.2,NA,"faible"
"99_88_R01",2.5,0.2,NA,"faible"
"99_88_R01",2.5,0.2,NA,"faible"
"99_88_R01",2.5,0.2,NA,"faible"
"99_88_R01",2.5,0.2,NA,"faible"
"99_88_R01",2.5,0.2,NA,"faible"
"99_88_R01",2.5,0.2,NA,"faible"
"99_88_R01",2.5,0.2,NA,"faible"
"99_88_R01",2.5,0.2,NA,"faible"
"99_88_R01",2.5,0.2,NA,"faible"
"99_88_R01",2.5,0.2,NA,"faible"
"99_88_R01",2.5,0.2,NA,"faible"
"99_88_R01",2.5,0.2,NA,"faible"
"99_88_R01",2.5,0.2,NA,"faible"
"99_88_R01",2.5,0.2,NA,"faible"
"99_88_R01",2.5,0.2,NA,"faible"
"99_88_R01",2.5,0.2,NA,"faible"
"99_88_R01",2.5,0.2,NA,"faible"
"99_88_R01",2.5,0.2,NA,"faible"
"99_88_R01",2.5,0.2,NA,"faible"
"99_88_R01",2.5,0.2,NA,"faible"
"99_88_R01",2.5,0.2,NA,"faible"
"99_88_R01",2.5,0.2,NA,"faible"
"99_88_R01",2.5,0.2,NA,"faible"
"99_88_R01",2.5,0.2,NA,"faible"
"99_88_R01",2.5,0.2,NA,"faible"
"99_88_R01",2.5,0.2,NA,"faible"
"99_88_R01",2.5,0.2,NA,"faible"
"99_88_R01",2.5,0.2,NA,"faible"
"99_88_R01",2.5,0.2,NA,"faible"
"99_88_R01",2.5,0.2,NA,"faible"
